site,chunk_start_utc,chunk_end_utc,chunk_file,chunk_sessions,chunk_status,pages_completed,error
caltech,2019-01-01 00:00:00+00:00,2019-01-08 00:00:00+00:00,caltech_20190101T000000_20190108T000000.jsonl,169,downloaded,7,
caltech,2019-01-08 00:00:00+00:00,2019-01-15 00:00:00+00:00,caltech_20190108T000000_20190115T000000.jsonl,224,downloaded,9,
caltech,2019-01-15 00:00:00+00:00,2019-01-22 00:00:00+00:00,caltech_20190115T000000_20190122T000000.jsonl,244,downloaded,10,
caltech,2019-01-22 00:00:00+00:00,2019-01-29 00:00:00+00:00,caltech_20190122T000000_20190129T000000.jsonl,230,downloaded,10,
caltech,2019-01-29 00:00:00+00:00,2019-02-05 00:00:00+00:00,caltech_20190129T000000_20190205T000000.jsonl,224,downloaded,9,
caltech,2019-02-05 00:00:00+00:00,2019-02-12 00:00:00+00:00,caltech_20190205T000000_20190212T000000.jsonl,230,downloaded,10,
caltech,2019-02-12 00:00:00+00:00,2019-02-19 00:00:00+00:00,caltech_20190212T000000_20190219T000000.jsonl,216,downloaded,9,
caltech,2019-02-19 00:00:00+00:00,2019-02-26 00:00:00+00:00,caltech_20190219T000000_20190226T000000.jsonl,245,downloaded,10,
caltech,2019-02-26 00:00:00+00:00,2019-03-05 00:00:00+00:00,caltech_20190226T000000_20190305T000000.jsonl,227,downloaded,10,
caltech,2019-03-05 00:00:00+00:00,2019-03-12 00:00:00+00:00,caltech_20190305T000000_20190312T000000.jsonl,213,downloaded,9,
caltech,2019-03-12 00:00:00+00:00,2019-03-19 00:00:00+00:00,caltech_20190312T000000_20190319T000000.jsonl,251,downloaded,11,
caltech,2019-03-19 00:00:00+00:00,2019-03-26 00:00:00+00:00,caltech_20190319T000000_20190326T000000.jsonl,214,downloaded,9,
caltech,2019-03-26 00:00:00+00:00,2019-04-02 00:00:00+00:00,caltech_20190326T000000_20190402T000000.jsonl,225,downloaded,9,
caltech,2019-04-02 00:00:00+00:00,2019-04-09 00:00:00+00:00,caltech_20190402T000000_20190409T000000.jsonl,236,downloaded,10,
caltech,2019-04-09 00:00:00+00:00,2019-04-16 00:00:00+00:00,caltech_20190409T000000_20190416T000000.jsonl,241,downloaded,10,
caltech,2019-04-16 00:00:00+00:00,2019-04-23 00:00:00+00:00,caltech_20190416T000000_20190423T000000.jsonl,235,downloaded,10,
caltech,2019-04-23 00:00:00+00:00,2019-04-30 00:00:00+00:00,caltech_20190423T000000_20190430T000000.jsonl,237,downloaded,10,
caltech,2019-04-30 00:00:00+00:00,2019-05-07 00:00:00+00:00,caltech_20190430T000000_20190507T000000.jsonl,218,downloaded,9,
caltech,2019-05-07 00:00:00+00:00,2019-05-14 00:00:00+00:00,caltech_20190507T000000_20190514T000000.jsonl,239,downloaded,10,
caltech,2019-05-14 00:00:00+00:00,2019-05-21 00:00:00+00:00,caltech_20190514T000000_20190521T000000.jsonl,221,downloaded,9,
caltech,2019-05-21 00:00:00+00:00,2019-05-28 00:00:00+00:00,caltech_20190521T000000_20190528T000000.jsonl,191,downloaded,8,
caltech,2019-05-28 00:00:00+00:00,2019-06-04 00:00:00+00:00,caltech_20190528T000000_20190604T000000.jsonl,206,downloaded,9,
caltech,2019-06-04 00:00:00+00:00,2019-06-11 00:00:00+00:00,caltech_20190604T000000_20190611T000000.jsonl,209,downloaded,9,
caltech,2019-06-11 00:00:00+00:00,2019-06-18 00:00:00+00:00,caltech_20190611T000000_20190618T000000.jsonl,235,downloaded,10,
caltech,2019-06-18 00:00:00+00:00,2019-06-25 00:00:00+00:00,caltech_20190618T000000_20190625T000000.jsonl,209,downloaded,9,
caltech,2019-06-25 00:00:00+00:00,2019-07-02 00:00:00+00:00,caltech_20190625T000000_20190702T000000.jsonl,198,downloaded,8,
caltech,2019-07-02 00:00:00+00:00,2019-07-09 00:00:00+00:00,caltech_20190702T000000_20190709T000000.jsonl,131,downloaded,6,
caltech,2019-07-09 00:00:00+00:00,2019-07-16 00:00:00+00:00,caltech_20190709T000000_20190716T000000.jsonl,185,downloaded,8,
caltech,2019-07-16 00:00:00+00:00,2019-07-23 00:00:00+00:00,caltech_20190716T000000_20190723T000000.jsonl,205,downloaded,9,
caltech,2019-07-23 00:00:00+00:00,2019-07-30 00:00:00+00:00,caltech_20190723T000000_20190730T000000.jsonl,194,downloaded,8,
caltech,2019-07-30 00:00:00+00:00,2019-08-06 00:00:00+00:00,caltech_20190730T000000_20190806T000000.jsonl,190,downloaded,8,
caltech,2019-08-06 00:00:00+00:00,2019-08-13 00:00:00+00:00,caltech_20190806T000000_20190813T000000.jsonl,199,downloaded,8,
caltech,2019-08-13 00:00:00+00:00,2019-08-20 00:00:00+00:00,caltech_20190813T000000_20190820T000000.jsonl,190,downloaded,8,
caltech,2019-08-20 00:00:00+00:00,2019-08-27 00:00:00+00:00,caltech_20190820T000000_20190827T000000.jsonl,197,downloaded,8,
caltech,2019-08-27 00:00:00+00:00,2019-09-03 00:00:00+00:00,caltech_20190827T000000_20190903T000000.jsonl,183,downloaded,8,
caltech,2019-09-03 00:00:00+00:00,2019-09-10 00:00:00+00:00,caltech_20190903T000000_20190910T000000.jsonl,218,downloaded,9,
caltech,2019-09-10 00:00:00+00:00,2019-09-17 00:00:00+00:00,caltech_20190910T000000_20190917T000000.jsonl,207,downloaded,9,
caltech,2019-09-17 00:00:00+00:00,2019-09-24 00:00:00+00:00,caltech_20190917T000000_20190924T000000.jsonl,199,downloaded,8,
caltech,2019-09-24 00:00:00+00:00,2019-10-01 00:00:00+00:00,caltech_20190924T000000_20191001T000000.jsonl,183,downloaded,8,
caltech,2019-10-01 00:00:00+00:00,2019-10-08 00:00:00+00:00,caltech_20191001T000000_20191008T000000.jsonl,191,downloaded,8,
caltech,2019-10-08 00:00:00+00:00,2019-10-15 00:00:00+00:00,caltech_20191008T000000_20191015T000000.jsonl,201,downloaded,9,
caltech,2019-10-15 00:00:00+00:00,2019-10-22 00:00:00+00:00,caltech_20191015T000000_20191022T000000.jsonl,194,downloaded,8,
caltech,2019-10-22 00:00:00+00:00,2019-10-29 00:00:00+00:00,caltech_20191022T000000_20191029T000000.jsonl,236,downloaded,10,
caltech,2019-10-29 00:00:00+00:00,2019-11-05 00:00:00+00:00,caltech_20191029T000000_20191105T000000.jsonl,204,downloaded,9,
caltech,2019-11-05 00:00:00+00:00,2019-11-12 00:00:00+00:00,caltech_20191105T000000_20191112T000000.jsonl,212,downloaded,9,
caltech,2019-11-12 00:00:00+00:00,2019-11-19 00:00:00+00:00,caltech_20191112T000000_20191119T000000.jsonl,202,downloaded,9,
caltech,2019-11-19 00:00:00+00:00,2019-11-26 00:00:00+00:00,caltech_20191119T000000_20191126T000000.jsonl,190,downloaded,8,
caltech,2019-11-26 00:00:00+00:00,2019-12-03 00:00:00+00:00,caltech_20191126T000000_20191203T000000.jsonl,113,downloaded,5,
caltech,2019-12-03 00:00:00+00:00,2019-12-10 00:00:00+00:00,caltech_20191203T000000_20191210T000000.jsonl,200,downloaded,8,
caltech,2019-12-10 00:00:00+00:00,2019-12-17 00:00:00+00:00,caltech_20191210T000000_20191217T000000.jsonl,204,downloaded,9,
caltech,2019-12-17 00:00:00+00:00,2019-12-24 00:00:00+00:00,caltech_20191217T000000_20191224T000000.jsonl,155,downloaded,7,
caltech,2019-12-24 00:00:00+00:00,2019-12-31 00:00:00+00:00,caltech_20191224T000000_20191231T000000.jsonl,39,downloaded,2,
caltech,2019-12-31 00:00:00+00:00,2020-01-01 00:00:00+00:00,caltech_20191231T000000_20200101T000000.jsonl,8,downloaded,1,
jpl,2019-01-01 00:00:00+00:00,2019-01-08 00:00:00+00:00,jpl_20190101T000000_20190108T000000.jsonl,236,downloaded,10,
jpl,2019-01-08 00:00:00+00:00,2019-01-15 00:00:00+00:00,jpl_20190108T000000_20190115T000000.jsonl,344,downloaded,14,
jpl,2019-01-15 00:00:00+00:00,2019-01-22 00:00:00+00:00,jpl_20190115T000000_20190122T000000.jsonl,255,downloaded,11,
jpl,2019-01-22 00:00:00+00:00,2019-01-29 00:00:00+00:00,jpl_20190122T000000_20190129T000000.jsonl,331,downloaded,14,
jpl,2019-01-29 00:00:00+00:00,2019-02-05 00:00:00+00:00,jpl_20190129T000000_20190205T000000.jsonl,310,downloaded,13,
jpl,2019-02-05 00:00:00+00:00,2019-02-12 00:00:00+00:00,jpl_20190205T000000_20190212T000000.jsonl,354,downloaded,15,
jpl,2019-02-12 00:00:00+00:00,2019-02-19 00:00:00+00:00,jpl_20190212T000000_20190219T000000.jsonl,250,downloaded,10,
jpl,2019-02-19 00:00:00+00:00,2019-02-26 00:00:00+00:00,jpl_20190219T000000_20190226T000000.jsonl,369,downloaded,15,
jpl,2019-02-26 00:00:00+00:00,2019-03-05 00:00:00+00:00,jpl_20190226T000000_20190305T000000.jsonl,321,downloaded,13,
jpl,2019-03-05 00:00:00+00:00,2019-03-12 00:00:00+00:00,jpl_20190305T000000_20190312T000000.jsonl,348,downloaded,14,
jpl,2019-03-12 00:00:00+00:00,2019-03-19 00:00:00+00:00,jpl_20190312T000000_20190319T000000.jsonl,319,downloaded,13,
jpl,2019-03-19 00:00:00+00:00,2019-03-26 00:00:00+00:00,jpl_20190319T000000_20190326T000000.jsonl,354,downloaded,15,
jpl,2019-03-26 00:00:00+00:00,2019-04-02 00:00:00+00:00,jpl_20190326T000000_20190402T000000.jsonl,335,downloaded,14,
jpl,2019-04-02 00:00:00+00:00,2019-04-09 00:00:00+00:00,jpl_20190402T000000_20190409T000000.jsonl,355,downloaded,15,
jpl,2019-04-09 00:00:00+00:00,2019-04-16 00:00:00+00:00,jpl_20190409T000000_20190416T000000.jsonl,327,downloaded,14,
jpl,2019-04-16 00:00:00+00:00,2019-04-23 00:00:00+00:00,jpl_20190416T000000_20190423T000000.jsonl,362,downloaded,15,
jpl,2019-04-23 00:00:00+00:00,2019-04-30 00:00:00+00:00,jpl_20190423T000000_20190430T000000.jsonl,332,downloaded,14,
jpl,2019-04-30 00:00:00+00:00,2019-05-07 00:00:00+00:00,jpl_20190430T000000_20190507T000000.jsonl,392,downloaded,16,
jpl,2019-05-07 00:00:00+00:00,2019-05-14 00:00:00+00:00,jpl_20190507T000000_20190514T000000.jsonl,344,downloaded,14,
jpl,2019-05-14 00:00:00+00:00,2019-05-21 00:00:00+00:00,jpl_20190514T000000_20190521T000000.jsonl,429,downloaded,18,
jpl,2019-05-21 00:00:00+00:00,2019-05-28 00:00:00+00:00,jpl_20190521T000000_20190528T000000.jsonl,267,downloaded,11,
jpl,2019-05-28 00:00:00+00:00,2019-06-04 00:00:00+00:00,jpl_20190528T000000_20190604T000000.jsonl,373,downloaded,15,
jpl,2019-06-04 00:00:00+00:00,2019-06-11 00:00:00+00:00,jpl_20190604T000000_20190611T000000.jsonl,322,downloaded,13,
jpl,2019-06-11 00:00:00+00:00,2019-06-18 00:00:00+00:00,jpl_20190611T000000_20190618T000000.jsonl,357,downloaded,15,
jpl,2019-06-18 00:00:00+00:00,2019-06-25 00:00:00+00:00,jpl_20190618T000000_20190625T000000.jsonl,321,downloaded,13,
jpl,2019-06-25 00:00:00+00:00,2019-07-02 00:00:00+00:00,jpl_20190625T000000_20190702T000000.jsonl,369,downloaded,15,
jpl,2019-07-02 00:00:00+00:00,2019-07-09 00:00:00+00:00,jpl_20190702T000000_20190709T000000.jsonl,189,downloaded,8,
jpl,2019-07-09 00:00:00+00:00,2019-07-16 00:00:00+00:00,jpl_20190709T000000_20190716T000000.jsonl,377,downloaded,16,
jpl,2019-07-16 00:00:00+00:00,2019-07-23 00:00:00+00:00,jpl_20190716T000000_20190723T000000.jsonl,332,downloaded,14,
jpl,2019-07-23 00:00:00+00:00,2019-07-30 00:00:00+00:00,jpl_20190723T000000_20190730T000000.jsonl,379,downloaded,16,
jpl,2019-07-30 00:00:00+00:00,2019-08-06 00:00:00+00:00,jpl_20190730T000000_20190806T000000.jsonl,320,downloaded,13,
jpl,2019-08-06 00:00:00+00:00,2019-08-13 00:00:00+00:00,jpl_20190806T000000_20190813T000000.jsonl,375,downloaded,15,
jpl,2019-08-13 00:00:00+00:00,2019-08-20 00:00:00+00:00,jpl_20190813T000000_20190820T000000.jsonl,327,downloaded,14,
jpl,2019-08-20 00:00:00+00:00,2019-08-27 00:00:00+00:00,jpl_20190820T000000_20190827T000000.jsonl,378,downloaded,16,
jpl,2019-08-27 00:00:00+00:00,2019-09-03 00:00:00+00:00,jpl_20190827T000000_20190903T000000.jsonl,263,downloaded,11,
jpl,2019-09-03 00:00:00+00:00,2019-09-10 00:00:00+00:00,jpl_20190903T000000_20190910T000000.jsonl,379,downloaded,16,
jpl,2019-09-10 00:00:00+00:00,2019-09-17 00:00:00+00:00,jpl_20190910T000000_20190917T000000.jsonl,324,downloaded,13,
jpl,2019-09-17 00:00:00+00:00,2019-09-24 00:00:00+00:00,jpl_20190917T000000_20190924T000000.jsonl,387,downloaded,16,
jpl,2019-09-24 00:00:00+00:00,2019-10-01 00:00:00+00:00,jpl_20190924T000000_20191001T000000.jsonl,322,downloaded,13,
jpl,2019-10-01 00:00:00+00:00,2019-10-08 00:00:00+00:00,jpl_20191001T000000_20191008T000000.jsonl,387,downloaded,16,
jpl,2019-10-08 00:00:00+00:00,2019-10-15 00:00:00+00:00,jpl_20191008T000000_20191015T000000.jsonl,327,downloaded,14,
jpl,2019-10-15 00:00:00+00:00,2019-10-22 00:00:00+00:00,jpl_20191015T000000_20191022T000000.jsonl,374,downloaded,15,
jpl,2019-10-22 00:00:00+00:00,2019-10-29 00:00:00+00:00,jpl_20191022T000000_20191029T000000.jsonl,349,downloaded,14,
jpl,2019-10-29 00:00:00+00:00,2019-11-05 00:00:00+00:00,jpl_20191029T000000_20191105T000000.jsonl,401,downloaded,17,
jpl,2019-11-05 00:00:00+00:00,2019-11-12 00:00:00+00:00,jpl_20191105T000000_20191112T000000.jsonl,332,downloaded,14,
jpl,2019-11-12 00:00:00+00:00,2019-11-19 00:00:00+00:00,jpl_20191112T000000_20191119T000000.jsonl,379,downloaded,16,
jpl,2019-11-19 00:00:00+00:00,2019-11-26 00:00:00+00:00,jpl_20191119T000000_20191126T000000.jsonl,343,downloaded,14,
jpl,2019-11-26 00:00:00+00:00,2019-12-03 00:00:00+00:00,jpl_20191126T000000_20191203T000000.jsonl,206,downloaded,9,
jpl,2019-12-03 00:00:00+00:00,2019-12-10 00:00:00+00:00,jpl_20191203T000000_20191210T000000.jsonl,328,downloaded,14,
jpl,2019-12-10 00:00:00+00:00,2019-12-17 00:00:00+00:00,jpl_20191210T000000_20191217T000000.jsonl,396,downloaded,16,
jpl,2019-12-17 00:00:00+00:00,2019-12-24 00:00:00+00:00,jpl_20191217T000000_20191224T000000.jsonl,325,downloaded,13,
jpl,2019-12-24 00:00:00+00:00,2019-12-31 00:00:00+00:00,jpl_20191224T000000_20191231T000000.jsonl,179,downloaded,8,
jpl,2019-12-31 00:00:00+00:00,2020-01-01 00:00:00+00:00,jpl_20191231T000000_20200101T000000.jsonl,57,downloaded,3,
office001,2019-01-01 00:00:00+00:00,2019-02-01 00:00:00+00:00,office001_20190101T000000_20190201T000000.jsonl,0,downloaded,1,
office001,2019-02-01 00:00:00+00:00,2019-03-04 00:00:00+00:00,office001_20190201T000000_20190304T000000.jsonl,0,downloaded,1,
office001,2019-03-04 00:00:00+00:00,2019-04-04 00:00:00+00:00,office001_20190304T000000_20190404T000000.jsonl,17,downloaded,1,
office001,2019-04-04 00:00:00+00:00,2019-05-05 00:00:00+00:00,office001_20190404T000000_20190505T000000.jsonl,79,downloaded,4,
office001,2019-05-05 00:00:00+00:00,2019-06-05 00:00:00+00:00,office001_20190505T000000_20190605T000000.jsonl,57,downloaded,3,
office001,2019-06-05 00:00:00+00:00,2019-07-06 00:00:00+00:00,office001_20190605T000000_20190706T000000.jsonl,63,downloaded,3,
office001,2019-07-06 00:00:00+00:00,2019-08-06 00:00:00+00:00,office001_20190706T000000_20190806T000000.jsonl,74,downloaded,3,
office001,2019-08-06 00:00:00+00:00,2019-09-06 00:00:00+00:00,office001_20190806T000000_20190906T000000.jsonl,125,downloaded,5,
office001,2019-09-06 00:00:00+00:00,2019-10-07 00:00:00+00:00,office001_20190906T000000_20191007T000000.jsonl,143,downloaded,6,
office001,2019-10-07 00:00:00+00:00,2019-11-07 00:00:00+00:00,office001_20191007T000000_20191107T000000.jsonl,142,downloaded,6,
office001,2019-11-07 00:00:00+00:00,2019-12-08 00:00:00+00:00,office001_20191107T000000_20191208T000000.jsonl,127,downloaded,6,
office001,2019-12-08 00:00:00+00:00,2020-01-01 00:00:00+00:00,office001_20191208T000000_20200101T000000.jsonl,95,downloaded,4,
