scenario_id,keele_date,scenario_site,fleet_size,participation_rate,participant_count,site_limit_kw,strategy,forecast_source,required_energy_kwh,delivered_energy_kwh,unserved_energy_kwh,service_rate,renewable_absorbed_kwh,residual_surplus_kwh,ev_grid_energy_kwh,peak_ev_kw,peak_total_load_kw
20230707_pooled_F10_P025_S42,2023-07-07,pooled,10,0.25,2,50.0,immediate,none,14.725000000000001,16.361111111111118,0.0,1.0,16.361111111111118,12260.382705354143,0.0,13.2,2062.154
20230707_pooled_F10_P025_S42,2023-07-07,pooled,10,0.25,2,50.0,fixed_delayed,none,14.725000000000001,16.361111111111118,0.0,1.0,16.361111111111118,12260.382705354143,0.0,13.2,2062.154
20230707_pooled_F10_P025_S43,2023-07-07,pooled,10,0.25,2,50.0,immediate,none,16.762999999999998,18.625555555555557,0.0,1.0,18.625555555555557,12695.19020030618,0.0,13.2,2068.754
20230707_pooled_F10_P025_S43,2023-07-07,pooled,10,0.25,2,50.0,fixed_delayed,none,16.762999999999998,18.625555555555557,0.0,1.0,18.625555555555557,12695.19020030618,0.0,13.2,2062.154
20230707_pooled_F10_P050_S42,2023-07-07,pooled,10,0.5,5,50.0,immediate,none,64.482,71.42666666666668,0.0,1.0,26.876666666666672,12686.93908919507,44.55,13.2,2062.154
20230707_pooled_F10_P050_S42,2023-07-07,pooled,10,0.5,5,50.0,fixed_delayed,none,64.482,71.42666666666668,0.0,1.0,34.57666666666667,12679.23908919507,36.85,13.2,2062.154
20230707_pooled_F10_P050_S43,2023-07-07,pooled,10,0.5,5,50.0,immediate,none,39.417,43.796666666666674,0.0,1.0,26.41666666666667,12687.39908919507,17.380000000000003,13.2,2068.754
20230707_pooled_F10_P050_S43,2023-07-07,pooled,10,0.5,5,50.0,fixed_delayed,none,39.417,43.796666666666674,0.0,1.0,33.016666666666666,12680.79908919507,10.780000000000005,19.799999999999997,2062.154
20230707_pooled_F10_P075_S42,2023-07-07,pooled,10,0.75,8,50.0,immediate,none,96.707,107.23222222222223,0.0,1.0,61.84444444444447,12651.971311417292,45.387777777777785,13.2,2075.354
20230707_pooled_F10_P075_S42,2023-07-07,pooled,10,0.75,8,50.0,fixed_delayed,none,96.707,107.23222222222223,0.0,1.0,70.38222222222224,12643.433533639516,36.85,26.4,2068.769
20230707_pooled_F10_P075_S43,2023-07-07,pooled,10,0.75,8,50.0,immediate,none,55.873999999999995,62.08222222222222,0.0,1.0,39.202222222222225,12674.613533639516,22.880000000000003,13.2,2068.754
20230707_pooled_F10_P075_S43,2023-07-07,pooled,10,0.75,8,50.0,fixed_delayed,none,55.873999999999995,62.08222222222222,0.0,1.0,51.30222222222222,12662.513533639514,10.780000000000005,37.693333333333335,2062.154
20230707_pooled_F10_P100_S42,2023-07-07,pooled,10,1.0,10,50.0,immediate,none,106.681,118.31444444444445,0.0,1.0,72.92666666666669,12640.889089195072,45.387777777777785,19.799999999999997,2075.354
20230707_pooled_F10_P100_S42,2023-07-07,pooled,10,1.0,10,50.0,fixed_delayed,none,106.681,118.31444444444445,0.0,1.0,81.46444444444445,12632.351311417291,36.85,39.599999999999994,2068.769
20230707_pooled_F10_P100_S43,2023-07-07,pooled,10,1.0,10,50.0,immediate,none,57.448,63.83111111111111,0.0,1.0,40.13888888888889,12673.676866972848,23.692222222222227,19.799999999999997,2068.754
20230707_pooled_F10_P100_S43,2023-07-07,pooled,10,1.0,10,50.0,fixed_delayed,none,57.448,63.44444444444444,0.29300000000000004,0.9,52.66444444444444,12661.151311417292,10.780000000000005,40.84,2064.765
20230707_pooled_F25_P025_S42,2023-07-07,pooled,25,0.25,6,100.0,immediate,none,82.078,90.97777777777779,0.0,1.0,46.427777777777784,12667.387978083958,44.55,13.2,2068.754
20230707_pooled_F25_P025_S42,2023-07-07,pooled,25,0.25,6,100.0,fixed_delayed,none,82.078,90.97777777777779,0.0,1.0,54.127777777777794,12659.687978083959,36.85,19.799999999999997,2062.169
20230707_pooled_F25_P025_S43,2023-07-07,pooled,25,0.25,6,100.0,immediate,none,49.424,54.915555555555564,0.0,1.0,37.53555555555556,12676.280200306182,17.380000000000003,13.2,2068.754
20230707_pooled_F25_P025_S43,2023-07-07,pooled,25,0.25,6,100.0,fixed_delayed,none,49.424,54.915555555555564,0.0,1.0,44.135555555555555,12669.680200306178,10.780000000000005,26.4,2062.154
20230707_pooled_F25_P050_S42,2023-07-07,pooled,25,0.5,12,100.0,immediate,none,123.061,136.51444444444445,0.0,1.0,91.1266666666667,12622.68908919507,45.387777777777785,33.0,2088.554
20230707_pooled_F25_P050_S42,2023-07-07,pooled,25,0.5,12,100.0,fixed_delayed,none,123.061,136.51444444444445,0.0,1.0,99.66444444444446,12614.151311417292,36.85,52.8,2077.742333333333
20230707_pooled_F25_P050_S43,2023-07-07,pooled,25,0.5,12,100.0,immediate,none,90.458,100.50888888888888,0.0,1.0,72.96666666666665,12640.849089195071,27.542222222222225,26.4,2075.354
20230707_pooled_F25_P050_S43,2023-07-07,pooled,25,0.5,12,100.0,fixed_delayed,none,90.458,100.1222222222222,0.29300000000000004,0.9166666666666666,89.34222222222219,12624.473533639513,10.780000000000005,54.04,2077.965
20230707_pooled_F25_P075_S42,2023-07-07,pooled,25,0.75,19,100.0,immediate,none,193.329,214.59000000000003,0.0,1.0,131.72666666666672,12582.08908919507,82.86333333333333,39.599999999999994,2095.154
20230707_pooled_F25_P075_S42,2023-07-07,pooled,25,0.75,19,100.0,fixed_delayed,none,193.329,214.53000000000003,0.0,1.0,167.15444444444444,12546.66131141729,47.37555555555555,79.19999999999999,2099.9783333333335
20230707_pooled_F25_P075_S43,2023-07-07,pooled,25,0.75,19,100.0,immediate,none,192.90199999999996,214.33555555555557,0.0,1.0,159.3266666666667,12554.48908919507,55.0088888888889,39.599999999999994,2088.554
20230707_pooled_F25_P075_S43,2023-07-07,pooled,25,0.75,19,100.0,fixed_delayed,none,192.90199999999996,213.94888888888892,0.29300000000000004,0.9473684210526315,189.28333333333333,12524.532422528402,24.665555555555585,93.64,2117.565
20230707_pooled_F25_P100_S42,2023-07-07,pooled,25,1.0,25,100.0,immediate,none,223.24900000000002,247.83444444444444,0.0,1.0,163.66555555555558,12550.15020030618,84.16888888888887,39.599999999999994,2095.154
20230707_pooled_F25_P100_S42,2023-07-07,pooled,25,1.0,25,100.0,fixed_delayed,none,223.24900000000002,247.77444444444444,0.0,1.0,199.0933333333333,12514.722422528404,48.68111111111109,85.8,2113.052
20230707_pooled_F25_P100_S43,2023-07-07,pooled,25,1.0,25,100.0,immediate,none,221.69899999999998,246.33222222222224,0.0,1.0,189.67333333333335,12524.142422528403,56.658888888888896,59.4,2095.154
20230707_pooled_F25_P100_S43,2023-07-07,pooled,25,1.0,25,100.0,fixed_delayed,none,221.69899999999998,245.9455555555556,0.29300000000000004,0.96,217.21777777777777,12496.597978083957,28.727777777777806,100.00000000000001,2127.252
20230707_pooled_F50_P025_S42,2023-07-07,pooled,50,0.25,12,200.0,immediate,none,123.061,136.51444444444445,0.0,1.0,91.1266666666667,12622.68908919507,45.387777777777785,33.0,2088.554
20230707_pooled_F50_P025_S42,2023-07-07,pooled,50,0.25,12,200.0,fixed_delayed,none,123.061,136.51444444444445,0.0,1.0,99.66444444444446,12614.151311417292,36.85,52.8,2077.742333333333
20230707_pooled_F50_P025_S43,2023-07-07,pooled,50,0.25,12,200.0,immediate,none,90.458,100.50888888888888,0.0,1.0,72.96666666666665,12640.849089195071,27.542222222222225,26.4,2075.354
20230707_pooled_F50_P025_S43,2023-07-07,pooled,50,0.25,12,200.0,fixed_delayed,none,90.458,100.1222222222222,0.29300000000000004,0.9166666666666666,89.34222222222219,12624.473533639513,10.780000000000005,54.04,2077.965
20230707_pooled_F50_P050_S42,2023-07-07,pooled,50,0.5,25,200.0,immediate,none,223.24900000000002,247.83444444444444,0.0,1.0,163.66555555555558,12550.15020030618,84.16888888888887,39.599999999999994,2095.154
20230707_pooled_F50_P050_S42,2023-07-07,pooled,50,0.5,25,200.0,fixed_delayed,none,223.24900000000002,247.77444444444444,0.0,1.0,199.0933333333333,12514.722422528404,48.68111111111109,85.8,2113.052
20230707_pooled_F50_P050_S43,2023-07-07,pooled,50,0.5,25,200.0,immediate,none,221.69899999999998,246.33222222222224,0.0,1.0,189.67333333333335,12524.142422528403,56.658888888888896,59.4,2095.154
20230707_pooled_F50_P050_S43,2023-07-07,pooled,50,0.5,25,200.0,fixed_delayed,none,221.69899999999998,245.9455555555556,0.29300000000000004,0.96,221.28,12492.535755861736,24.665555555555585,126.64,2150.565
20230707_pooled_F50_P075_S42,2023-07-07,pooled,50,0.75,38,200.0,immediate,none,391.22999999999996,434.2600000000001,0.0,1.0,284.6792991682158,12429.136456693523,149.58070083178427,66.0,2121.554
20230707_pooled_F50_P075_S42,2023-07-07,pooled,50,0.75,38,200.0,fixed_delayed,none,391.22999999999996,434.20000000000005,0.0,1.0,330.59374361266015,12383.222012249078,103.60625638733984,137.66666666666674,2152.652
20230707_pooled_F50_P075_S43,2023-07-07,pooled,50,0.75,38,200.0,immediate,none,379.10200000000003,421.11444444444453,0.0,1.0,329.8166666666667,12383.99908919507,91.29777777777778,92.39999999999999,2128.154
20230707_pooled_F50_P075_S43,2023-07-07,pooled,50,0.75,38,200.0,fixed_delayed,none,379.10200000000003,420.5555555555556,0.29300000000000004,0.9736842105263158,371.7011111111111,12342.114644750627,48.85444444444448,179.44,2203.365
20230707_pooled_F50_P100_S42,2023-07-07,pooled,50,1.0,50,200.0,immediate,none,605.239,671.6111111111111,0.0,1.0,467.65041027932693,12246.165345582409,203.96070083178427,105.6,2147.954
20230707_pooled_F50_P100_S42,2023-07-07,pooled,50,1.0,50,200.0,fixed_delayed,none,605.239,670.98,0.0,1.0,546.3659658348824,12167.449790026856,124.61403416511763,200.00000000000009,2216.485
20230707_pooled_F50_P100_S43,2023-07-07,pooled,50,1.0,50,200.0,immediate,none,547.559,607.848888888889,0.0,1.0,470.4122222222222,12243.403533639512,137.43666666666667,121.21333333333332,2154.554
20230707_pooled_F50_P100_S43,2023-07-07,pooled,50,1.0,50,200.0,fixed_delayed,none,547.559,607.25,0.29300000000000004,0.98,550.5899999999999,12163.225755861737,56.660000000000025,200.0000000000001,2227.252
