date,renewable_energy_kwh,campus_energy_kwh,surplus_energy_kwh,peak_surplus_kw,valid_intervals,total_intervals,surplus_intervals,data_completeness
2023-07-07,37359.651338025586,38904.22991666666,12713.815755861737,3015.4863808065033,288,288,106,1.0
2023-07-09,24080.66541547062,31463.751833333332,10552.383127156148,3500.0587338522846,288,288,69,1.0
2022-06-26,32409.776749999997,29674.137333333332,9023.666,1376.5910000000001,288,288,151,1.0
2023-07-02,26323.755225345667,30997.244166666664,8810.71335698221,2373.7341677129943,288,288,122,1.0
2022-05-14,28042.93358333333,32688.382916666666,8555.556999999999,1523.84,288,288,103,1.0
2023-04-07,35193.68666666667,40784.114166666666,8399.88625,1488.9620000000004,288,288,97,1.0
2023-04-22,23084.853116021928,32905.79197808219,8398.182138803071,2291.222319905986,288,288,105,1.0
2023-09-03,25661.8975,29287.39633333333,8332.003166666667,1568.5369999999998,288,288,100,1.0
2023-06-14,40607.64883333333,44073.20516666667,7775.2477499999995,1544.163,288,288,110,1.0
2022-07-16,24187.17508333333,27130.303333333333,7744.06975,1516.7040000000002,288,288,106,1.0
2023-06-15,39079.4585,43855.325,7542.757583333333,1494.114,288,288,104,1.0
2023-06-11,32955.970916666665,36502.5075,7466.778916666666,2062.236,288,288,110,1.0
2023-06-03,30979.99658333333,39560.69825,7465.302,2275.45,288,288,114,1.0
2022-04-16,24374.215249999997,29344.852,7454.6185,1624.64,288,288,96,1.0
2023-03-27,19409.977910966256,29466.626094763094,7409.21836323067,2931.1210963999993,288,288,84,1.0
2023-10-29,20669.882221978045,37237.689572254334,7408.956782853549,2374.682639912944,288,288,80,1.0
2023-06-04,31273.182416666667,38445.14866666667,7280.502916666666,2310.337,288,288,113,1.0
2022-04-17,24137.79925,28413.910916666664,7245.243916666666,1419.6620000000003,288,288,100,1.0
2023-08-10,32366.239166666666,38556.97425,7233.60175,1690.6279999999997,288,288,103,1.0
2023-04-20,41223.65708333333,49299.330416666664,7167.366666666666,1723.3249999999998,288,288,95,1.0
2023-06-13,41087.25516666666,44883.9995,7124.836666666666,1615.1690000000003,288,288,108,1.0
2023-06-10,29651.638166666664,36009.49608333333,7097.758416666667,2026.8049999999998,288,288,105,1.0
2023-09-05,32125.322666666663,37668.495416666665,7062.545666666666,1465.8919999999998,288,288,97,1.0
2023-06-05,36336.169083333334,44119.61604166667,6967.365583333333,1541.5010000000002,288,288,85,1.0
2023-06-16,37644.4225,42950.934,6844.980333333332,1568.9879999999994,288,288,94,1.0
2023-08-19,27180.07825,31401.911083333332,6717.741166666667,1996.2680000000003,288,288,94,1.0
2022-04-30,23636.08325,30766.94283333333,6566.108666666666,1688.773,288,288,99,1.0
2022-06-25,29016.606,30468.446,6558.856499999999,1513.551,288,288,126,1.0
2023-05-27,30677.880083333333,39647.259,6442.389333333333,2347.63,288,288,110,1.0
2022-06-22,29492.03658333333,35886.07425,6404.826666666666,2056.8700000000003,288,288,98,1.0
2023-04-08,29808.66,36391.693583333334,6364.059249999999,1498.565,288,288,84,1.0
2023-06-08,38965.95766666666,44479.2365,6297.269083333334,1824.5250000000005,288,288,83,1.0
2023-10-03,21763.983091047725,45027.491589158344,6289.810291824623,3188.980280922937,288,288,53,1.0
2023-05-13,31062.77908333333,41213.78191666667,6229.300916666666,1791.045,288,288,106,1.0
2022-07-19,30596.7005,39560.878749999996,6226.4288333333325,1336.5939999999996,288,288,86,1.0
2023-05-29,31635.228,42591.872124999994,6222.142,2201.72,288,288,95,1.0
2022-06-21,33576.93583333333,41178.81933333333,6200.9797499999995,1761.9740000000006,288,288,101,1.0
2023-06-22,32582.923,40795.09566666667,6178.697749999999,1606.1389999999997,288,288,79,1.0
2023-07-29,21313.517666666667,32049.948,6157.3412499999995,2032.948,288,288,76,1.0
2023-10-04,20321.44914748683,36104.31651355206,6138.204419455868,3361.7943329883174,288,288,70,1.0
2023-09-02,22380.897083333333,29335.35008333333,6115.122333333333,1528.936,288,288,81,1.0
2022-08-10,30487.496333333333,37228.9585,6097.770333333333,1496.812,288,288,93,1.0
2023-05-20,30141.287416666666,43231.551,6090.455499999999,2318.586999999999,288,288,105,1.0
2023-04-04,35490.57275,44325.928916666664,6080.710999999999,1301.1310000000008,288,288,88,1.0
2022-07-18,29907.43708333333,37687.88491666666,6050.477,1442.0950000000003,288,288,91,1.0
2023-08-20,22591.696916666664,28071.70408333333,6047.209083333333,1505.778,288,288,96,1.0
2023-06-09,38515.046083333335,43576.041249999995,6030.636416666666,1947.2290000000003,288,288,110,1.0
2023-05-24,37589.3555,50369.13491666666,6017.68625,1993.549,288,288,78,1.0
2023-05-15,37536.286166666665,51965.17475,5910.943749999999,1643.3049999999998,288,288,75,1.0
2023-07-23,25943.112999999998,30521.667416666663,5885.406499999999,1849.9279999999999,288,288,105,1.0
2023-10-15,20789.217166666665,40122.28483333333,5831.3964166666665,1496.6180000000004,288,288,72,1.0
2023-09-09,23178.28583333333,32280.686583333332,5828.389916666666,1363.9519999999998,288,288,87,1.0
2023-05-21,27895.158,41874.75975,5662.3785,2130.186,288,288,102,1.0
2023-09-04,28768.056249999998,36175.730749999995,5659.553666666666,1122.9499999999998,288,288,91,1.0
2022-06-17,30111.160666666663,35702.23208333333,5659.310166666666,1515.826,288,288,104,1.0
2023-06-02,34247.043333333335,45469.01141666666,5638.991333333333,1877.7330000000002,288,288,74,1.0
2023-05-22,34730.67316666667,51167.81120833333,5451.578666666666,2591.1059999999998,288,288,74,1.0
2022-05-19,28811.484833333332,40371.739499999996,5446.477166666667,1402.3679999999995,288,288,73,1.0
2023-04-03,36279.359749999996,45562.814999999995,5316.971416666666,1308.904,288,288,88,1.0
2023-08-17,27011.664083333333,37989.29283333333,5305.381916666666,2078.136,288,288,75,1.0
2022-07-17,22622.066499999997,27928.907416666665,5278.906666666666,1374.9900000000002,288,288,117,1.0
2022-04-21,31264.050916666663,37398.26383333333,5222.205249999999,1491.312,288,288,93,1.0
2022-08-09,27582.92025,35167.5205,5217.917666666666,1479.6780000000003,288,288,88,1.0
2022-06-11,28547.054249999997,34857.183,5145.645833333333,1134.957,288,288,127,1.0
2022-06-04,26933.92325,34376.089583333334,4994.931166666666,1292.6710000000003,288,288,114,1.0
2022-08-06,21110.238999999998,26952.03975,4950.389916666666,1436.2239999999997,288,288,117,1.0
2022-05-13,30815.43425,38859.120416666665,4928.065666666666,1571.6280000000002,288,288,94,1.0
2022-07-10,22847.201916666665,27921.137,4855.126333333333,1519.5209999999997,288,288,120,1.0
2022-05-07,21823.65625,32069.36408333333,4853.218916666667,1710.2819999999997,288,288,63,1.0
2023-05-12,32691.3405,48687.51525,4851.254166666667,1532.5250000000005,288,288,60,1.0
2023-05-03,38864.61533333333,50561.09533333333,4813.638,1960.7640000000001,288,288,81,1.0
2022-08-07,21079.068916666667,26827.67508333333,4800.307583333333,1459.4199999999998,288,288,123,1.0
2022-07-09,23118.482666666667,28020.772833333333,4782.306916666666,1333.8429999999996,288,288,132,1.0
2022-05-10,31566.45725,39843.26508333333,4687.001083333333,1310.4619999999995,288,288,87,1.0
2022-04-24,26659.658916666664,32523.3235,4684.023999999999,1320.6200000000001,288,288,102,1.0
2023-07-19,26819.106083333332,39994.99808333333,4655.371333333333,2311.7029999999995,288,288,91,1.0
2022-07-11,28322.9675,35998.58558333333,4553.715833333333,1427.3510000000006,288,288,89,1.0
2022-07-02,21798.04983333333,27597.371416666665,4521.914916666667,1166.0690000000002,288,288,102,1.0
2022-07-08,25239.09633333333,33508.55875,4485.537083333333,1394.52,288,288,91,1.0
2022-06-20,28408.321166666665,35372.7155,4463.948333333333,1706.4629999999997,288,288,83,1.0
2023-07-12,23664.505948136233,39476.05016666667,4460.061495497218,2708.0674681466735,288,288,53,1.0
2023-04-18,34613.659999999996,51490.48733333333,4363.5365833333335,1885.7610000000004,288,288,56,1.0
2023-09-23,22440.035916666664,32808.97183333333,4320.296833333333,1453.5260000000003,288,288,78,1.0
2023-08-11,23877.87575,36566.64225,4308.25025,1817.9849999999997,288,288,73,1.0
2023-03-22,35295.03558333333,43972.67316666667,4299.816833333333,1135.364,288,288,83,1.0
2022-09-17,21360.24508333333,29730.387416666665,4280.489583333333,1368.3909999999996,288,288,89,1.0
2022-06-19,22620.001666666667,28852.678333333333,4223.966083333333,1357.7970000000003,288,288,97,1.0
2023-06-25,27686.399416666663,35649.14483333333,4126.779583333333,1548.344,288,288,88,1.0
2023-07-25,24114.243,36701.632249999995,4097.857583333333,1601.0919999999996,288,288,68,1.0
2023-08-09,24422.603499999997,35272.733166666665,4019.5866666666666,1911.29,288,288,70,1.0
2022-06-16,28297.11033333333,36222.305583333335,3988.181833333333,1483.2409999999995,288,288,97,1.0
2022-08-01,24596.539166666666,33246.8895,3972.3516666666665,1446.8159999999998,288,288,87,1.0
2022-07-03,19406.633749999997,26026.39025,3947.1751666666664,1208.876,288,288,96,1.0
2023-04-25,29901.377863648475,54548.27973895582,3920.602,1517.9880000000003,288,288,57,1.0
2023-10-08,16524.5265,35055.52091666667,3885.8067499999997,1718.9260000000002,288,288,53,1.0
2022-04-29,28954.93133333333,41283.256166666666,3872.60275,1160.8180000000002,288,288,87,1.0
2023-08-30,22608.873083333332,32853.561,3838.3289166666664,1511.024,288,288,67,1.0
2022-07-14,24097.47875,33331.621166666664,3835.7026666666666,1504.7290000000003,288,288,77,1.0
2023-10-17,32223.371916666663,49779.0845,3813.93875,1541.5069999999996,288,288,51,1.0
2023-07-06,27763.343979710808,40051.301666666666,3803.4430347332145,2159.3605072690325,288,288,67,1.0
2022-05-08,19704.134666666665,30236.785083333332,3770.2161666666666,1441.207,288,288,65,1.0
2023-05-30,30442.364416666664,46685.430166666665,3764.1299166666663,1845.2309999999998,288,288,57,1.0
2023-05-04,39663.074,49209.79333333333,3745.7509999999997,1732.3610000000003,288,288,64,1.0
2023-08-12,15834.758416666666,31533.55383333333,3722.407083333333,1957.2420000000002,288,288,56,1.0
2023-08-16,20212.41558333333,37702.125166666665,3719.1377499999994,2212.0290000000005,288,288,65,1.0
2022-08-04,24743.75,32958.02133333333,3715.679583333333,1315.9030000000002,288,288,94,1.0
2022-04-23,26823.459583333333,32411.182249999998,3715.2653333333333,1383.392,288,288,82,1.0
2023-05-23,28404.966416666666,49746.93541666667,3701.215166666667,1845.141,288,288,58,1.0
2023-09-29,22951.30875,44860.8975,3689.9011666666665,1676.1109999999999,288,288,65,1.0
2022-07-31,19059.287249999998,27121.744333333332,3679.5476666666664,1177.382,288,288,92,1.0
2023-06-07,28790.740583333332,42234.183666666664,3671.3729166666667,1486.2690000000002,288,288,53,1.0
2023-05-07,25096.862999999998,39127.425749999995,3669.5109166666666,1754.8689999999997,288,288,65,1.0
2022-06-23,25332.00925,35693.57066666667,3668.7614166666663,1341.7379999999994,288,288,60,1.0
2022-04-20,26395.6875,36014.64566666666,3634.5269166666662,1370.9779999999996,288,288,84,1.0
2022-04-15,18403.589,29969.19275,3572.49125,1515.4749999999997,288,288,71,1.0
2023-06-29,29573.65025,39527.76216666667,3571.0888333333332,1715.1390000000001,288,288,77,1.0
2023-07-16,26280.546916666666,34561.33216666667,3569.0857499999997,1926.3319999999994,288,288,68,1.0
2023-06-01,26997.337249999997,44516.11075,3567.513583333333,2184.289,288,288,47,1.0
2023-06-26,29659.485416666666,40410.36988257575,3523.043833333333,2131.298,288,288,72,1.0
2023-05-14,25724.820499999998,39270.29741666667,3502.4799166666667,1597.097,288,288,77,1.0
2022-08-11,28070.739416666664,40346.14758333333,3452.70475,1353.8519999999999,288,288,79,1.0
2023-05-16,32179.904,51642.55883333333,3440.0926666666664,1496.5209999999997,288,288,52,1.0
2023-03-25,18497.769916666664,30873.368,3428.7244999999994,1494.1470000000004,288,288,65,1.0
2023-04-02,21233.696916666664,33204.25508333333,3418.249416666666,1496.1339999999996,288,288,51,1.0
2022-05-28,24813.833499999997,33740.56333333333,3408.3655,1218.9250000000002,288,288,90,1.0
2022-04-22,25290.2965,36256.456249999996,3385.058,1292.181,288,288,76,1.0
2023-06-17,24905.00833333333,33183.511999999995,3379.235583333333,1824.9250000000002,288,288,72,1.0
2022-08-08,24397.29925,33791.142166666665,3364.1850833333333,1465.848,288,288,74,1.0
2022-05-21,23520.15225,32892.75583333333,3338.5619166666665,1237.2349999999997,288,288,72,1.0
2023-04-09,26910.58508333333,34548.436083333334,3320.02875,1470.574,288,288,59,1.0
2022-10-17,23467.905416666665,46960.08725,3260.610583333333,1105.627,288,288,61,1.0
2022-05-18,30858.861416666667,41138.00775,3233.7017499999997,1119.036,288,288,88,1.0
2023-05-26,27684.43625,46470.22808333333,3232.4006666666664,1927.8219999999997,288,288,55,1.0
2022-08-03,26685.791999999998,34188.55625,3197.6432499999996,1279.064,288,288,93,1.0
2022-07-04,23019.714083333332,32754.613583333332,3181.9296666666664,1190.8950000000002,288,288,97,1.0
2023-10-14,15980.136999999999,40035.02675,3148.986083333333,1833.139,288,288,47,1.0
2023-09-06,24673.456749999998,36921.320916666664,3139.3103333333333,871.739,288,288,73,1.0
2022-10-08,21465.555416666666,36994.401333333335,3131.609583333333,1092.7130000000002,288,288,59,1.0
2022-07-27,21092.383583333332,33674.810541666666,3117.99225,1292.368,288,288,75,1.0
2023-01-29,12810.291227083013,32598.019,3117.7512743362568,2327.338804166641,288,288,29,1.0
2023-06-12,30565.3275,41341.42758333333,3109.464333333334,1456.7849999999994,288,288,63,1.0
2022-06-12,22970.830749999997,33002.17691666666,3085.2831666666666,1120.854,288,288,91,1.0
2022-08-12,25183.53283333333,40558.212583333334,3058.7482499999996,1413.6,288,288,57,1.0
2023-07-13,23232.948038204773,39343.19658333333,3052.7083514263622,1934.1496936436379,288,288,50,1.0
2022-08-05,22665.38883333333,31801.381999999998,3043.8606666666665,1076.3859999999997,288,288,87,1.0
2023-08-26,16992.87125,26650.31683333333,3036.0914166666666,1496.5649999999998,288,288,61,1.0
2023-07-21,21755.98175,36564.20079166666,3027.77575,1878.8359999999993,288,288,62,1.0
2022-06-28,25953.630166666666,33676.35433333333,3023.5049166666663,1250.5749999999998,288,288,69,1.0
2023-05-05,24043.53025,42395.613,3023.3815833333333,1658.9349999999995,288,288,44,1.0
2023-07-04,23487.860522274972,39507.74658333333,2970.313406411076,1499.334344334277,288,288,67,1.0
2023-07-20,22804.163666666664,38899.72058333333,2964.7066666666665,1999.1779999999999,288,288,62,1.0
2023-08-06,16661.63425,29305.34908333333,2961.981583333333,1554.1730000000002,288,288,68,1.0
2023-08-13,13404.951083333333,28101.573666666663,2927.2961666666665,2253.575,288,288,40,1.0
2022-07-07,23574.671916666666,33207.58633333333,2926.181083333333,1276.1879999999996,288,288,74,1.0
2023-07-26,20558.190749999998,39394.21333333333,2888.447583333333,2210.719,288,288,62,1.0
2022-08-26,21699.26033333333,37306.1935,2840.423083333333,1436.0569999999998,288,288,57,1.0
2023-10-22,12813.492916666666,38804.743916666666,2826.9762499999997,1504.7380000000003,288,288,40,1.0
2023-07-24,22334.281,34844.903374999994,2805.2460833333334,1771.8740000000003,288,288,57,1.0
2023-09-13,20138.18433333333,33697.85158333333,2804.6555,1211.0520000000001,288,288,46,1.0
2023-04-15,23622.521249999998,35461.13566666666,2804.23975,1489.8359999999998,288,288,62,1.0
2022-06-03,25460.004916666665,36437.64741666667,2726.1503333333335,992.6970000000001,288,288,92,1.0
2022-07-13,23755.60108333333,33148.0945,2715.543666666667,1377.6530000000002,288,288,65,1.0
2023-08-02,20403.043916666666,37660.397,2712.049583333333,2027.8290000000002,288,288,59,1.0
2022-07-20,23280.09733333333,34946.17783333333,2677.1656666666663,1083.094,288,288,65,1.0
2022-06-29,24304.237083333333,33629.221333333335,2670.911583333333,1665.174,288,288,83,1.0
2022-07-26,22573.073833333332,33763.38175,2631.015416666666,1442.153,288,288,76,1.0
2022-07-15,20462.90125,31730.658916666664,2615.5335,1176.966,288,288,70,1.0
2023-09-25,22442.5285,39332.796125,2608.702333333333,1338.1480000000001,288,288,51,1.0
2023-06-18,19399.762583333333,30806.82808333333,2603.9570833333332,1771.8220000000001,288,288,58,1.0
2023-08-15,18490.81825,35619.494666666666,2568.8464166666668,2302.427,288,288,49,1.0
2022-09-16,22770.76583333333,34185.64225,2540.74525,1314.0209999999997,288,288,57,1.0
2022-08-28,17279.262833333334,31745.662999999997,2526.96375,1379.616,288,288,53,1.0
2022-06-27,20981.3425,31838.909,2515.840166666667,1463.428,288,288,61,1.0
2023-08-27,16333.013833333333,25854.718249999998,2480.8951666666667,1526.94,288,288,59,1.0
2023-04-28,21542.167166666666,48705.42925,2479.8624166666664,1680.728,288,288,37,1.0
2022-07-05,22418.970083333334,33153.998916666664,2472.6945833333334,1293.9170000000001,288,288,82,1.0
2022-06-02,21524.219666666664,36760.04041666666,2448.1759999999995,1296.7799999999997,288,288,68,1.0
2022-10-01,21553.312166666667,35146.09283333333,2446.1527499999997,1244.7129999999997,288,288,69,1.0
2022-05-22,21226.15975,32294.796916666666,2433.967,1017.156,288,288,72,1.0
2023-09-07,22825.839666666667,36871.69554166667,2429.8359166666664,988.1420000000003,288,288,56,1.0
2023-07-30,15361.076166666666,31758.279,2427.9016666666666,1479.0510000000002,288,288,54,1.0
2022-07-01,21117.311416666667,32283.067249999996,2426.1035,1669.8580000000002,288,288,62,1.0
2022-08-13,20139.53175,34387.08541666667,2404.9171666666666,1302.0789999999997,288,288,67,1.0
2023-05-28,25256.073083333333,37603.05216666667,2404.7813333333334,1752.19,288,288,53,1.0
2023-09-15,15973.554416666666,32149.11825,2381.7573333333335,1251.471,288,288,42,1.0
2022-09-24,18620.789916666665,33414.14991666666,2373.8447499999997,1255.6640000000002,288,288,50,1.0
2022-08-14,19964.179,34423.60516666667,2356.6174166666665,1391.358,288,288,67,1.0
2022-09-13,21109.478916666667,33865.624416666666,2352.0857499999997,1494.172,288,288,44,1.0
2022-05-17,28790.052,40751.101749999994,2335.6093333333333,1256.138,288,288,56,1.0
2022-05-15,18805.2965,30463.232666666663,2333.380833333333,1315.5749999999998,288,288,48,1.0
2022-10-18,15391.631249999999,47103.335625,2329.42225,975.761,288,288,48,1.0
2023-04-19,29444.567416666665,46040.25116666666,2327.5171666666665,1504.7209999999995,288,288,46,1.0
2023-03-12,23508.79908333333,36852.80266666666,2319.3514166666664,1318.5120000000002,288,288,45,1.0
2023-08-03,17289.220166666666,37436.5995,2314.938333333333,1524.3029999999999,288,288,38,1.0
2023-04-06,25521.48933333333,39470.66583333333,2284.3745833333332,1263.5859999999998,288,288,53,1.0
2023-07-28,19425.36533333333,38679.6855,2277.2384166666666,1838.2690000000002,288,288,42,1.0
2023-06-21,13810.812666666667,35625.44658333333,2271.0715,1501.9030000000002,288,288,34,1.0
2022-06-14,22692.211416666665,37075.976083333335,2255.8244999999997,1484.1760000000002,288,288,45,1.0
2023-08-04,17454.654,36320.968499999995,2249.5454166666664,2043.4,288,288,41,1.0
2023-08-07,21622.214083333332,33768.94170833333,2238.664583333333,1772.5259999999998,288,288,48,1.0
2023-08-21,21031.633833333333,32535.460499999997,2184.898166666667,1416.315,288,288,49,1.0
2023-03-24,20657.701416666667,38342.80541666666,2163.0795,1462.2979999999998,288,288,43,1.0
2023-03-18,18300.4705,35578.32025,2152.0583333333334,1209.7780000000002,288,288,36,1.0
2023-06-24,21292.9035,35185.547666666665,2149.3336666666664,2099.875,288,288,41,1.0
2023-04-10,24990.478499999997,35561.58508333333,2128.748583333333,1264.2839999999997,288,288,49,1.0
2023-09-21,21441.083,38733.271166666666,2108.6379166666666,1014.9110000000001,288,288,49,1.0
2022-09-23,22542.350499999997,37256.110499999995,2079.156333333333,1210.2639999999997,288,288,53,1.0
2023-06-20,12600.419698463262,30029.23725,2058.7553505714022,2040.5094360498847,288,288,32,1.0
2022-06-07,24042.0125,41624.028249999996,2018.2289166666667,1377.0339999999999,288,288,53,1.0
2022-09-01,22738.78283333333,37269.05525,1954.0401666666667,1342.0749999999998,288,288,49,1.0
2022-05-12,24204.584666666666,38788.926166666664,1915.8730833333334,1276.0089999999996,288,288,39,1.0
2023-07-01,15998.258833333333,32773.866416666664,1877.8342499999999,1909.5140000000001,288,288,41,1.0
2022-10-16,19097.269416666666,39863.2075,1865.9199166666667,1347.649,288,288,30,1.0
2023-09-24,25843.227499999997,34110.167083333334,1850.7168333333332,1328.949,288,288,39,1.0
2022-08-20,22085.482249999997,35396.44258333333,1846.19725,912.1410000000001,288,288,70,1.0
2022-07-30,15110.890583333332,27592.958749999998,1845.7393333333334,1136.2300000000002,288,288,46,1.0
2022-05-05,22731.77908333333,38482.19308333333,1830.1655833333334,1334.3380000000002,288,288,50,1.0
2022-04-18,14807.659249999999,29024.48158333333,1823.1928333333333,1227.7099999999998,288,288,49,1.0
2023-03-30,19977.017916666664,37866.0455,1804.6928333333333,1261.9719999999998,288,288,31,1.0
2022-08-31,22681.976166666664,37089.089583333334,1734.6336666666664,1232.682,288,288,45,1.0
2023-02-19,23242.348416666664,34679.647,1716.216333333333,1149.3490000000002,288,288,36,1.0
2022-09-28,23795.35325,43088.118833333334,1705.3784166666667,1024.161,288,288,49,1.0
2023-07-15,21473.87183333333,34238.816249999996,1692.3700833333332,1872.929,288,288,41,1.0
2022-08-21,14425.942666666666,31157.14375,1686.2884999999999,976.705,288,288,55,1.0
2022-04-27,23676.3455,41305.06408333333,1667.27725,1508.4640000000009,288,288,37,1.0
2022-06-30,18243.270249999998,32114.22908333333,1640.715333333333,1382.737,288,288,49,1.0
2022-08-27,15481.536416666666,31699.902916666666,1633.1198333333332,1315.3729999999998,288,288,54,1.0
2022-08-30,20007.31683333333,36140.946416666666,1630.8325,1139.2369999999996,288,288,45,1.0
2023-06-23,21070.796416666664,37247.78425,1590.91725,1579.732,288,288,30,1.0
2022-12-14,14788.259790979357,43339.724916666666,1554.7011566570268,1846.2507695208074,288,288,31,1.0
2023-04-13,30445.470749999997,42947.628,1537.192583333333,1261.9749999999995,288,288,50,1.0
2023-07-27,18804.840833333332,40035.149333333335,1518.559083333333,1855.4210000000003,288,288,37,1.0
2023-02-26,15583.762583333333,34502.11041666666,1495.98125,1572.1190000000001,288,288,24,1.0
2023-05-10,19669.99325,46985.699499999995,1489.2453333333333,1491.1109999999999,288,288,21,1.0
2023-09-22,18965.593166666666,37774.47075,1474.9755833333334,1388.8680000000004,288,288,34,1.0
2023-09-08,18026.204416666667,34310.139749999995,1462.824,975.4540000000002,288,288,44,1.0
2022-05-27,26860.249666666663,39531.831,1458.170583333333,1078.5880000000002,288,288,51,1.0
2022-05-24,23862.496499999997,39106.798749999994,1443.8980833333335,1125.4410000000003,288,288,47,1.0
2022-04-13,13378.391833333333,32741.545,1426.5083333333332,1711.009,288,288,28,1.0
2022-06-10,24801.17108333333,40015.64266666667,1425.7775,1158.0719999999997,288,288,56,1.0
2023-03-23,19555.677416666666,39838.55233333333,1400.0190833333334,1154.5550000000003,288,288,34,1.0
2022-09-05,19978.2155,37902.60075,1384.5745000000002,1089.9250000000002,288,288,34,1.0
2023-08-08,18795.834583333333,33626.131083333334,1383.0476666666666,1255.0339999999997,288,288,42,1.0
2022-07-23,17049.744333333332,27022.611999999997,1370.0842499999999,1392.0349999999999,288,288,44,1.0
2022-06-15,21884.252,36011.43675,1356.2728333333332,969.6419999999998,288,288,40,1.0
2022-05-11,17298.560166666666,36904.09525,1348.8425,1225.554,288,288,28,1.0
2022-12-15,14050.772631281903,43379.63691666666,1328.6450481011673,1830.6634160084977,288,288,30,1.0
2022-10-09,16941.238416666667,33346.17533333333,1327.21275,1082.287,288,288,35,1.0
2023-10-18,30336.717916666665,50166.911,1306.6370833333333,1430.159,288,288,31,1.0
2022-07-24,17983.034499999998,26945.494416666665,1299.4055833333334,991.537,288,288,63,1.0
2022-09-15,17400.41875,33170.67441666666,1283.1489999999997,1449.723,288,288,38,1.0
2023-08-28,13271.493333333332,26079.206583333333,1270.9276666666665,1004.2890000000002,288,288,42,1.0
2023-03-10,25042.928166666665,47033.62858333333,1270.0463333333337,875.9470000000001,288,288,38,1.0
2023-08-18,21932.310416666667,35648.130333333334,1260.6890833333332,2246.795,288,288,26,1.0
2023-05-25,16489.893333333333,46202.66533333333,1240.3865833333334,1586.9850000000001,288,288,20,1.0
2022-05-09,22948.66833333333,37623.27583333333,1235.8342499999999,1349.433,288,288,38,1.0
2023-07-05,20088.36407989618,38761.46166666666,1235.3238230383156,866.9096656634929,288,288,37,1.0
2022-04-19,13654.772583333333,32606.7735,1230.2475833333335,1440.9430000000002,288,288,30,1.0
2022-10-15,21944.037249999998,43227.129916666665,1212.1346666666666,1141.1879999999996,288,288,30,1.0
2023-04-12,30123.77033333333,42681.005,1210.00575,1256.288,288,288,39,1.0
2023-04-29,15446.6755,39411.96033333333,1200.53875,1514.0229999999997,288,288,26,1.0
2022-10-10,22177.393666666667,43482.888249999996,1162.3452499999999,658.2530000000002,288,288,38,1.0
2022-10-06,23875.39275,42305.10516666666,1161.0708333333332,1049.8690000000001,288,288,29,1.0
2022-06-01,21449.35325,39343.39825,1131.98175,1033.882,288,288,34,1.0
2022-12-16,11649.626953339908,41215.966583333335,1130.0454101270457,1871.9769080538827,288,288,21,1.0
2023-03-11,15667.66175,34958.893416666666,1125.5463333333332,1406.156,288,288,25,1.0
2022-09-04,17605.06808333333,32088.45333333333,1115.7305,963.3460000000005,288,288,44,1.0
2023-07-17,17209.624,41589.271916666665,1113.5795,1670.278,288,288,17,1.0
2023-02-18,22949.180416666666,36208.83308333333,1099.87875,1292.4229999999998,288,288,23,1.0
2023-09-18,17147.689666666665,37013.58545833333,1071.779,1169.199,288,288,21,1.0
2022-08-19,21410.405416666665,36039.651,1070.5249999999999,972.8920000000003,288,288,47,1.0
2022-09-07,18524.031666666666,38399.475,1057.0280833333331,1048.194,288,288,32,1.0
2023-04-26,21052.280499999997,49559.9695,1049.6240833333334,1498.6600000000003,288,288,20,1.0
2022-08-22,17226.96225,38532.138,1049.5805833333334,953.558,288,288,36,1.0
2023-09-17,16021.075333333332,30526.840083333333,1041.8015833333334,882.982,288,288,48,1.0
2022-09-03,15206.808333333332,32183.682666666664,1040.74275,1103.658,288,288,35,1.0
2022-06-13,19924.487999999998,37748.80983333333,1037.7693333333332,945.4839999999997,288,288,37,1.0
2023-07-03,18400.66035030152,39392.876124999995,1004.4991216087449,1241.1343006729383,288,288,23,1.0
2022-05-25,22802.04825,38413.00933333333,997.7275833333333,915.5980000000004,288,288,31,1.0
2022-07-22,15415.027333333333,32212.045583333333,986.7546666666667,1205.351,288,288,37,1.0
2023-09-16,14698.945666666667,29885.272083333333,983.5469166666667,1452.9460000000004,288,288,28,1.0
2022-05-29,15945.677166666666,32882.118083333335,982.6934166666666,874.7699999999998,288,288,39,1.0
2022-05-16,16243.1235,36504.64991666666,972.6109999999999,1123.498,288,288,25,1.0
2022-06-08,23594.85383333333,41306.405166666664,970.86325,1002.8050000000001,288,288,43,1.0
2022-10-30,15119.050166666666,39192.68458333333,963.2654166666666,1268.2930000000001,288,288,21,1.0
2022-07-25,20583.379333333334,33123.77216666666,961.24275,796.5300000000002,288,288,40,1.0
2023-05-17,19390.475666666665,50194.53366666666,946.8657499999999,1631.187,288,288,13,1.0
2023-05-19,17075.452916666665,51217.428166666665,946.1305,2113.5080000000003,288,288,17,1.0
2023-08-31,14087.64,30454.94383333333,940.5458333333332,1221.2909999999997,288,288,31,1.0
2022-09-11,13242.622333333333,30551.650166666666,936.6458333333331,993.7539999999997,288,288,27,1.0
2022-10-02,15085.645583333333,32962.08866666666,933.3366666666666,1027.998,288,288,30,1.0
2022-06-24,17629.713083333332,32064.027583333333,932.6004166666667,1124.3209999999995,288,288,27,1.0
2023-05-18,23561.525583333332,50881.835166666664,930.5504999999998,1484.7889999999998,288,288,24,1.0
2023-05-01,17349.21225,48598.43908333333,906.4314166666665,1506.0839999999998,288,288,19,1.0
2023-05-09,21872.241583333333,45842.28125,904.4730833333333,1417.8720000000003,288,288,16,1.0
2022-05-26,25600.88125,39928.10558333333,894.5529166666664,781.4409999999998,288,288,41,1.0
2022-07-06,19362.473666666665,32391.413833333332,893.4984999999999,852.078,288,288,38,1.0
2022-05-30,19332.253833333332,42148.02,889.0844166666665,1073.4609999999998,288,288,25,1.0
2023-09-10,10008.839,27335.2015,887.9035833333332,1501.801,288,288,17,1.0
2023-04-11,30809.23675,41247.358583333335,881.2869999999998,1209.8159999999998,288,288,31,1.0
2023-08-22,17199.868916666666,31426.455166666667,879.3626666666668,1491.92,288,288,24,1.0
2023-09-11,13304.50425,33183.677416666666,838.8216666666666,1085.6529999999998,288,288,13,1.0
2022-09-18,12132.19275,26319.327583333332,833.4321666666666,764.5549999999996,288,288,33,1.0
2022-08-29,14838.784916666666,32294.3965,801.8712499999999,932.4639999999999,288,288,30,1.0
2023-09-01,14520.504083333333,30288.375416666666,799.1504166666667,1125.44,288,288,20,1.0
2023-10-07,12498.298333333332,34871.54991666666,797.8476666666666,1504.7160000000001,288,288,21,1.0
2023-05-02,21781.8415,53416.24166666666,794.0129166666666,1235.7359999999999,288,288,18,1.0
2023-02-23,20831.749916666664,43673.519916666664,776.2404166666666,1109.4529999999995,288,288,26,1.0
2023-03-19,14209.745833333332,32210.109,764.7701666666667,1039.732,288,288,24,1.0
2023-11-05,10327.203916666665,41244.97983333333,759.1033333333334,1489.4050000000002,288,288,14,1.0
2022-08-23,16495.819083333332,39116.24725,752.2570000000001,969.489,288,288,23,1.0
2023-08-24,15116.651916666666,30705.069166666664,735.2336666666665,1064.4769999999999,288,288,23,1.0
2022-09-26,19112.823666666667,39699.6385,732.8621666666666,988.8829999999998,288,288,24,1.0
2023-03-07,21580.957333333332,49786.95583333333,730.6171666666668,1141.335,288,288,25,1.0
2022-08-25,14828.838916666666,37151.50475,705.3251666666666,1064.129,288,288,25,1.0
2023-04-21,15353.973416666666,42692.6029326484,702.3349166666665,1306.3669999999997,288,288,17,1.0
2022-05-31,19737.938583333333,39713.750166666665,697.0262499999999,764.9549999999999,288,288,26,1.0
2023-03-14,21226.387,45282.0035,695.4593333333332,1294.5150000000008,288,288,19,1.0
2023-08-23,14399.540083333333,30735.278666666665,678.6924166666666,1167.3360000000002,288,288,21,1.0
2023-03-21,22874.475166666667,42437.26775,666.2925833333334,1106.4770000000003,288,288,17,1.0
2023-04-01,11569.440499999999,30790.35108333333,654.4126666666666,1284.386,288,288,12,1.0
2022-04-26,15659.356,37590.202,641.4434999999999,1040.116,288,288,15,1.0
2022-07-12,16220.123416666665,32464.951666666664,634.5931666666667,739.1480000000001,288,288,25,1.0
2022-10-19,26634.891333333333,49479.77295833333,632.4963333333334,1258.4189999999999,288,288,20,1.0
2022-09-02,17089.096833333333,36431.89566666666,623.5455000000001,1400.5569999999998,288,288,26,1.0
2023-08-05,12085.696416666666,31730.659249999997,621.9807500000001,825.114,288,288,31,1.0
2023-03-26,9569.523166666666,28005.58483333333,621.2240833333333,1039.449,288,288,16,1.0
2023-02-17,26173.414,42668.2855,618.13175,992.2559999999999,288,288,16,1.0
2022-09-10,13737.611916666667,31831.392,616.2125833333333,684.076,288,288,27,1.0
2022-08-02,17433.420916666666,32787.382249999995,608.9112499999999,1041.542,288,288,21,1.0
2023-03-17,18686.097666666665,40733.523916666665,583.8448333333333,946.2529999999997,288,288,14,1.0
2022-10-13,16691.439583333333,50584.88925,580.54325,1310.683,288,288,20,1.0
2023-05-06,13615.580666666667,33182.316249999996,575.568,1039.3869999999997,288,288,24,1.0
2022-10-23,6678.044,37951.76383624031,572.1105833333332,939.0680000000002,288,288,15,1.0
2023-02-25,12852.927666666666,32688.180999999997,543.0838333333332,990.7450000000003,288,288,17,1.0
2022-09-09,13698.699166666665,36888.56491666666,534.3775833333334,720.69,288,288,22,1.0
2022-10-26,21271.003249999998,48761.895249999994,519.8174166666666,899.556,288,288,11,1.0
2023-07-08,15930.073837849455,33661.35191666667,496.2591554364464,1028.697005011067,288,288,16,1.0
2022-09-06,15482.16175,38499.33708333333,491.80866666666674,925.7270000000003,288,288,14,1.0
2022-06-09,21165.415916666665,40586.612499999996,486.06016666666653,1031.7059999999997,288,288,22,1.0
2022-04-25,16731.047583333333,37682.828,480.31083333333333,771.2869999999998,288,288,15,1.0
2023-11-11,12092.012166666666,42144.4555,478.4234166666667,536.2220000000002,288,288,20,1.0
2022-08-24,16217.222166666666,38538.450333333334,472.29475,808.0239999999999,288,288,20,1.0
2022-08-16,16073.92125,32502.18608333333,464.2065,1118.4540000000002,288,288,16,1.0
2023-02-01,22053.117666666665,46012.678916666664,457.0510833333334,888.9510000000005,288,288,23,1.0
2023-11-03,11973.287583333333,50729.296416666664,443.85374999999993,1042.0230000000001,288,288,9,1.0
2023-03-20,11136.058416666667,39395.91704166667,436.1769166666666,1394.31,288,288,9,1.0
2022-09-29,13201.424916666667,38221.7775,434.99066666666664,829.1860000000001,288,288,12,1.0
2022-05-20,20040.07083333333,36841.47425,434.41774999999996,891.8550000000005,288,288,15,1.0
2022-09-20,12170.640666666666,31073.650916666666,422.3477499999999,1079.1370000000002,288,288,8,1.0
2023-11-01,16605.980666666666,50827.72425,406.77058333333326,1734.4899999999998,288,288,7,1.0
2023-04-30,16667.83825,43008.72391666666,403.4740833333333,1423.016,288,288,11,1.0
2022-05-23,17819.836666666666,37216.72991666666,396.65600000000006,589.565,288,288,21,1.0
2023-02-22,9644.796833333332,37628.45420833333,385.55575000000005,1045.0659999999998,288,288,6,1.0
2023-09-27,19132.177166666665,46473.12325,383.86666666666673,1499.2600000000007,288,288,6,1.0
2022-09-21,15153.753666666666,33213.99633333333,382.86683333333326,978.5730000000003,288,288,17,1.0
2023-08-25,12064.319916666665,29067.150166666666,381.9083333333333,1258.3019999999997,288,288,16,1.0
2023-05-11,16062.955999999998,43698.66766666667,375.188,1459.1819999999998,288,288,6,1.0
2023-12-28,22735.564416666664,39930.09283333333,366.15341666666666,697.203,288,288,18,1.0
2022-09-14,12831.185833333333,31328.180083333333,364.90925,938.5990000000002,288,288,13,1.0
2023-08-01,14319.9375,38240.85208333333,360.4049166666666,1090.9020000000003,288,288,10,1.0
2022-10-22,7913.682333333333,38293.45166666667,359.32466666666653,1062.875,288,288,11,1.0
2022-10-12,10556.766333333333,41748.65416666667,357.1806666666668,915.1330000000003,288,288,8,1.0
2022-10-03,15389.915916666665,38436.97375,355.7105833333334,708.009,288,288,13,1.0
2022-09-08,14056.49675,37180.29225,354.61974999999995,826.596,288,288,11,1.0
2023-10-19,13980.77775,50234.65116666666,353.3129166666667,1241.2480000000005,288,288,9,1.0
2023-02-20,20789.360249999998,42253.21366666666,323.18499999999995,987.5189999999998,288,288,10,1.0
2023-10-06,16697.942666666666,43076.79533333333,318.91291666666666,916.5590000000002,288,288,10,1.0
2022-10-14,11692.583583333333,47319.95716666667,300.8862499999999,1050.8329999999996,288,288,12,1.0
2023-11-13,23197.708333333332,56201.96420833333,283.91691666666657,617.0259999999998,288,288,12,1.0
2023-10-28,8995.852666666666,40264.38291666666,283.2874166666666,576.1320000000001,288,288,12,1.0
2023-06-19,7264.2905833333325,32050.99245833333,282.6670833333333,663.569,288,288,11,1.0
2023-07-18,11799.704749999999,40209.01941666666,276.2628333333333,886.4739999999997,288,288,7,1.0
2022-05-06,17841.115083333334,36746.62958333333,275.643,890.6869999999994,288,288,9,1.0
2023-10-12,9911.228333333333,47776.89158333333,272.32741666666664,976.7259999999997,288,288,7,1.0
2022-10-25,15515.356749999999,53865.57243939394,262.644,607.761,288,288,11,1.0
2022-09-19,9773.114666666666,26542.53475,254.44275000000002,710.9169999999999,288,288,17,1.0
2023-12-23,17004.056249999998,35983.57875,242.27233333333334,653.4789999999998,288,288,13,1.0
2023-08-14,10039.865333333333,31733.014291666666,228.18325,1181.067,288,288,7,1.0
2022-10-11,14828.265416666665,40780.11316666666,223.2526666666667,691.5860000000002,288,288,15,1.0
2023-09-26,8625.333166666665,39577.08733333333,220.13574999999997,1227.4070000000002,288,288,7,1.0
2023-05-31,20150.128166666665,45299.763166666664,215.58366666666663,583.1039999999996,288,288,11,1.0
2023-12-09,22102.001333333334,44667.7235,212.83766666666665,801.94,288,288,6,1.0
2022-09-22,11794.583166666665,32681.507999999998,210.58550000000002,421.2550000000001,288,288,11,1.0
2023-10-21,8496.47525,40179.10258333333,207.92616666666663,626.4949999999999,288,288,10,1.0
2022-10-05,17118.724416666664,38832.07991666666,207.2274999999999,841.3719999999998,288,288,6,1.0
2023-01-13,23474.825999999997,51220.23841666667,193.81625,567.0520000000001,288,288,10,1.0
2022-10-28,18211.7765,47487.809499999996,191.56591666666674,879.9569999999999,288,288,7,1.0
2022-06-18,9940.136666666665,25585.505916666665,183.30741666666668,936.4640000000002,288,288,12,1.0
2023-11-06,13815.056416666666,54414.77875,182.54658333333333,660.5060000000003,288,288,6,1.0
2023-07-22,12648.729749999999,27704.422416666665,181.34924999999998,318.07000000000016,288,288,14,1.0
2023-12-16,12356.930833333332,44098.363249999995,179.93966666666665,576.8220000000001,288,288,10,1.0
2022-08-17,12785.40275,34441.52175,175.49408333333338,399.7350000000001,288,288,9,1.0
2023-01-07,21621.301583333334,34834.55208333333,173.79433333333327,471.3589999999999,288,288,11,1.0
2023-02-21,12348.85925,38464.88633333333,172.7036666666667,720.25,288,288,5,1.0
2022-08-18,13556.506416666665,34667.05125,172.55808333333334,504.6189999999999,288,288,11,1.0
2023-02-05,10936.8735,38988.56825,163.34316666666672,487.5350000000003,288,288,8,1.0
2023-12-24,21314.291083333334,35838.371166666664,163.02333333333337,380.337,288,288,10,1.0
2023-12-21,32650.53483333333,47388.028666666665,162.5835833333333,336.62099999999987,288,288,14,1.0
2023-10-09,13088.696249999999,45213.61020833333,159.00000000000003,620.3720000000003,288,288,7,1.0
2023-03-02,12978.69325,41240.171833333334,157.53349999999995,453.3579999999997,288,288,9,1.0
2022-07-29,13575.762166666666,30563.79425,157.1898333333334,268.5590000000002,288,288,12,1.0
2023-12-27,22754.69383333333,39099.42783333333,149.2533333333333,337.0609999999999,288,288,13,1.0
2022-12-29,12953.755333333333,37908.74433333333,148.19275000000002,839.8190000000002,288,288,4,1.0
2023-03-29,8688.216083333333,33183.43991666666,145.699,903.9850000000001,288,288,2,1.0
2023-08-29,12704.804583333333,29547.075666666664,142.73541666666665,911.5929999999998,288,288,5,1.0
2023-03-31,14522.231416666666,34726.40225,141.06575,782.8000000000002,288,288,6,1.0
2022-12-20,9954.600493055543,45225.078499999996,139.51983803320184,442.16942028012545,288,288,9,1.0
2022-09-25,12535.457083333333,30414.439916666666,132.20816666666667,390.97,288,288,10,1.0
2023-06-30,12731.093583333333,32934.61141666667,120.98349999999996,410.1669999999999,288,288,5,1.0
2022-09-12,8349.61925,32077.493333333332,115.14083333333328,711.6499999999996,288,288,5,1.0
2022-04-14,10391.539333333332,31481.142,113.00750000000002,1101.777,288,288,2,1.0
2022-10-07,15167.008249999999,38393.902083333334,101.7512500000001,249.64400000000023,288,288,7,1.0
2022-09-27,10903.0225,37393.868833333334,99.09416666666664,610.6179999999999,288,288,5,1.0
2023-12-31,10120.754416666667,34954.08658333333,95.69041666666666,541.5920000000001,288,288,4,1.0
2023-09-14,8136.773499999999,30790.96158333333,95.30849999999998,1143.7019999999998,288,288,1,1.0
2023-10-31,6648.368362484831,36493.910427745664,89.86402540356933,338.17809159912736,288,288,7,1.0
2023-05-08,11014.114,38082.225249999996,88.38066666666667,516.9000000000001,288,288,6,1.0
2023-10-02,7579.339,49245.755641107935,88.15674999999999,1057.8809999999999,288,288,1,1.0
2023-12-22,29701.975,44109.59683333333,86.78941666666671,221.2800000000002,288,288,8,1.0
2023-07-10,14283.758370716987,39062.83525,83.86395434758334,628.7639122829839,288,288,2,1.0
2022-04-12,7838.476083333333,33417.90758333333,82.66891666666665,344.6569999999997,288,288,6,1.0
2022-11-13,11942.4185,39078.943,77.78266666666664,352.9000000000001,288,288,6,1.0
2023-10-16,11142.283,49977.22858333333,66.13783333333336,395.6410000000001,288,288,3,1.0
2023-02-13,17719.7895,45229.992666666665,65.09924999999998,289.80200000000013,288,288,7,1.0
2023-04-16,11412.755833333333,30026.197249999997,61.54558333333331,285.5949999999998,288,288,6,1.0
2022-12-26,12293.799333333332,36846.96166666666,60.019666666666694,430.1500000000001,288,288,5,1.0
2023-02-27,7850.28075,39600.860499999995,59.21625000000006,641.8420000000006,288,288,2,1.0
2023-04-23,9227.885567359339,32797.22850593607,56.82598320367873,175.67931670208145,288,288,6,1.0
2023-12-30,9462.926749999999,35787.6955,56.348249999999986,195.81999999999994,288,288,6,1.0
2023-07-11,14154.564365453965,39307.778666666665,56.06084047771058,310.72788721163374,288,288,6,1.0
2023-10-26,6254.32975,51916.91308333333,55.40308333333329,461.1749999999997,288,288,2,1.0
2023-02-28,10409.141416666665,40937.74658333333,53.974583333333385,327.1560000000004,288,288,3,1.0
2022-05-04,11281.351416666666,35327.27108333333,50.389916666666636,217.40099999999984,288,288,4,1.0
2023-09-28,12156.123583333332,46431.149666666664,48.910833333333315,586.9299999999998,288,288,1,1.0
2022-11-06,6533.334083333333,37983.5185,47.96091666666664,390.25099999999975,288,288,2,1.0
2022-12-25,6387.346416666666,33289.432166666666,44.15949999999998,529.9139999999998,288,288,1,1.0
2023-10-30,5729.422667377084,36865.799999999996,43.609107711354376,246.8548415819996,288,288,3,1.0
2023-01-28,3282.5965743964052,32996.4735,41.30292250091965,285.41514258760594,288,288,3,1.0
2022-08-15,11652.589,35001.928583333334,40.181833333333294,307.086,288,288,2,1.0
2023-01-31,17581.929666666667,45346.23133333333,38.37249999999998,244.18499999999995,288,288,2,1.0
2023-12-29,11300.34925,38606.86575,36.929166666666674,443.1500000000001,288,288,1,1.0
2022-11-03,11440.720666666666,50020.79741666666,31.706250000000026,210.5010000000002,288,288,3,1.0
2023-02-09,15775.674083333333,42985.24875,29.977583333333314,107.73700000000008,288,288,5,1.0
2022-11-08,14204.726166666665,49442.602625,29.970999999999982,307.297,288,288,2,1.0
2023-09-30,8911.862833333333,37455.02291666666,29.624666666666673,355.4960000000001,288,288,1,1.0
2023-12-20,15386.690916666666,46979.9585,28.480916666666662,150.84699999999998,288,288,4,1.0
2022-10-27,9200.821583333332,47823.20758333333,26.572833333333314,318.8739999999998,288,288,1,1.0
2023-10-11,7754.963333333333,47909.230749999995,23.30741666666669,279.6890000000003,288,288,1,1.0
2022-12-24,10269.666333333333,34249.197583333334,22.561666666666667,222.91700000000014,288,288,2,1.0
2022-05-03,10980.55575,34535.089499999995,22.53008333333332,129.61300000000028,288,288,4,1.0
2023-01-08,8210.209583333333,29661.515083333332,20.062083333333323,195.4839999999997,288,288,2,1.0
2023-01-09,13831.1685,39907.329249999995,19.602249999999987,235.22699999999986,288,288,1,1.0
2023-11-07,11550.391166666666,54161.680166666665,19.44074999999998,233.28899999999976,288,288,1,1.0
2023-03-13,26039.55375,44468.8885,18.00008333333333,140.664,288,288,2,1.0
2023-01-02,6497.6125,37700.346666666665,15.870666666666692,185.9760000000001,288,288,2,1.0
2022-11-04,11198.05025,48087.54908333333,15.759500000000003,189.11400000000003,288,288,1,1.0
2023-09-20,17990.032416666665,37387.43866666666,14.741833333333375,83.4380000000001,288,288,4,1.0
2023-06-28,10932.327749999999,33803.11758333333,13.969749999999976,167.63699999999972,288,288,1,1.0
2023-02-11,5446.330083333333,29680.832499999997,13.752833333333323,165.03399999999988,288,288,1,1.0
2022-11-20,7311.657833333333,39330.01291666667,13.38566666666666,94.10099999999989,288,288,2,1.0
2023-12-10,13724.62675,42738.14275,9.701749999999985,59.634000000000015,288,288,3,1.0
2022-11-07,15146.964999999998,49509.62279166666,9.29849999999999,70.66399999999999,288,288,2,1.0
2022-12-03,8533.785666666667,33787.892,9.274250000000013,105.11899999999991,288,288,2,1.0
2023-02-24,8895.510166666667,36761.86058333333,8.580833333333317,102.9699999999998,288,288,1,1.0
2023-02-08,13779.482833333333,44102.802416666666,5.660333333333331,67.92399999999998,288,288,1,1.0
2023-03-05,7831.811083333333,30824.69575,5.649583333333339,67.79500000000007,288,288,1,1.0
2023-01-15,10847.977583333333,39814.69233333333,5.0059999999999905,60.07199999999989,288,288,1,1.0
2023-01-01,9482.333916666666,33646.40066666667,4.932666666666648,33.330999999999904,287,287,2,1.0
2023-11-23,18849.517499999998,53796.52675,4.079416666666664,40.22499999999991,288,288,2,1.0
2022-05-01,6612.283333333333,26206.078583333332,3.198749999999999,38.38499999999999,288,288,1,1.0
2022-10-31,12588.97475,47470.717749999996,2.2641666666666724,27.170000000000073,288,288,1,1.0
2023-12-11,8013.147999999999,55294.19904166667,1.8244999999999814,21.587999999999965,288,288,1,1.0
2022-06-06,10407.437249999999,40647.803583333334,0.6312499999999848,7.574999999999818,288,288,1,1.0
2022-07-21,11364.668666666666,31583.13875,0.36783333333333224,4.413999999999987,288,288,1,1.0
2023-07-31,7797.117666666666,38541.84641666667,0.30783333333332996,3.69399999999996,288,288,1,1.0
2023-02-16,14028.2205,39095.75158333333,0.2854166666666439,3.424999999999727,288,288,1,1.0
2022-12-10,6656.403583333333,34649.52491666666,0.2788333333333336,3.3460000000000036,288,288,1,1.0
2023-12-02,3802.627,54494.68608333333,0.0,0.0,288,288,0,1.0
2023-11-08,9761.803083333332,53947.40383333333,0.0,0.0,288,288,0,1.0
2023-12-25,7901.830083333333,35951.611625,0.0,0.0,288,288,0,1.0
2023-12-19,7154.344,48012.19375,0.0,0.0,288,288,0,1.0
2023-12-18,8469.168166666666,51176.714041666666,0.0,0.0,288,288,0,1.0
2023-12-17,12592.1215,41027.05258333333,0.0,0.0,288,288,0,1.0
2023-12-15,5673.813,57132.842249999994,0.0,0.0,288,288,0,1.0
2023-12-14,4980.354833333333,56301.17625,0.0,0.0,288,288,0,1.0
2023-12-13,7419.649833333333,54041.9105,0.0,0.0,288,288,0,1.0
2022-04-06,30457.904666666665,0.0,0.0,,0,288,0,0.0
2022-04-07,29362.71283333333,0.0,0.0,,0,288,0,0.0
2022-04-09,24546.013416666665,0.0,0.0,,0,288,0,0.0
2023-11-09,10011.026083333332,54851.708,0.0,0.0,288,288,0,1.0
2022-04-03,19153.73275,0.0,0.0,,0,288,0,0.0
2022-04-04,13971.923833333332,0.0,0.0,,0,288,0,0.0
2023-11-12,6113.978583333333,41424.900916666666,0.0,0.0,288,288,0,1.0
2023-11-10,9181.377499999999,53862.712666666666,0.0,0.0,288,288,0,1.0
2022-05-02,6648.851583333333,28168.66675,0.0,0.0,288,288,0,1.0
2022-04-28,7887.716666666666,34731.04633333333,0.0,0.0,288,288,0,1.0
2023-10-01,5824.2089166666665,37676.451166666666,0.0,0.0,288,288,0,1.0
2023-10-05,9767.7835,43517.51279784831,0.0,0.0,288,288,0,1.0
2022-03-03,4677.5741510003445,0.0,0.0,,0,288,0,0.0
2023-02-02,9896.494833333332,42907.854999999996,0.0,0.0,288,288,0,1.0
2023-10-10,12401.854666666666,47529.45991666667,0.0,0.0,288,288,0,1.0
2023-10-13,6885.218166666667,46767.615999999995,0.0,0.0,288,288,0,1.0
2023-02-04,4390.881166666666,31784.884166666667,0.0,0.0,288,288,0,1.0
2023-02-03,9765.482916666666,40600.47991666666,0.0,0.0,288,288,0,1.0
2023-02-07,12650.809666666666,40873.94091666667,0.0,0.0,288,288,0,1.0
2022-04-08,24773.28958333333,0.0,0.0,,0,288,0,0.0
2022-04-10,21693.269,0.0,0.0,,0,288,0,0.0
2022-04-11,30992.432666666664,4586.729166666666,0.0,0.0,48,288,0,0.16666666666666666
2022-04-05,25753.230499999998,0.0,0.0,,0,288,0,0.0
2023-11-14,7237.3515,54487.30416666666,0.0,0.0,288,288,0,1.0
2023-02-15,10958.277583333333,43594.439249999996,0.0,0.0,288,288,0,1.0
2023-02-14,8605.7755,43449.156749999995,0.0,0.0,288,288,0,1.0
2023-02-12,6364.19175,32913.79141666667,0.0,0.0,288,288,0,1.0
2023-02-10,9169.378416666666,37935.64133333333,0.0,0.0,288,288,0,1.0
2023-02-06,9719.528999999999,45623.739499999996,0.0,0.0,288,288,0,1.0
2022-12-21,5667.0425,43633.39858333333,0.0,0.0,288,288,0,1.0
2022-12-19,13544.28314861741,42095.79983333333,0.0,0.0,288,288,0,1.0
2023-06-06,13049.948916666666,37353.7965,0.0,0.0,288,288,0,1.0
2022-12-23,5605.971666666666,37079.58858333333,0.0,0.0,288,288,0,1.0
2022-12-22,1387.8299166666666,41972.977999999996,0.0,0.0,288,288,0,1.0
2022-12-27,11182.630416666667,36627.78525,0.0,0.0,288,288,0,1.0
2022-12-28,12218.538583333333,36396.375583333334,0.0,0.0,288,288,0,1.0
2022-12-31,3745.3570833333333,33851.753,0.0,0.0,288,288,0,1.0
2022-12-30,18527.44975,37107.96533333333,0.0,0.0,288,288,0,1.0
2022-12-17,4668.786819546333,33026.00425,0.0,0.0,288,288,0,1.0
2022-12-18,12803.993677252354,33639.60675,0.0,0.0,288,288,0,1.0
2023-01-04,13810.581333333332,43608.50858333333,0.0,0.0,288,288,0,1.0
2023-01-03,13074.178333333333,44747.441999999995,0.0,0.0,288,288,0,1.0
2023-12-04,4048.5310833333333,66105.74524999999,0.0,0.0,288,288,0,1.0
2023-12-05,3442.561583333333,63192.89570833333,0.0,0.0,288,288,0,1.0
2023-12-07,14945.838916666666,58951.407499999994,0.0,0.0,288,288,0,1.0
2023-12-06,9439.631416666667,63252.30699999999,0.0,0.0,288,288,0,1.0
2023-12-08,5178.670749999999,54144.51925,0.0,0.0,288,288,0,1.0
2023-12-12,3631.0591666666664,55765.284166666665,0.0,0.0,288,288,0,1.0
2023-12-03,939.4734166666666,52747.42166666666,0.0,0.0,288,288,0,1.0
2022-03-06,15443.599202823825,0.0,0.0,,0,288,0,0.0
2022-03-05,25291.819668174634,0.0,0.0,,0,288,0,0.0
2022-03-08,33858.910830581284,0.0,0.0,,0,288,0,0.0
2022-03-09,32756.676210806872,0.0,0.0,,0,288,0,0.0
2023-10-27,4290.964416666667,49371.856916666664,0.0,0.0,288,288,0,1.0
2022-03-07,15883.309033806252,0.0,0.0,,0,288,0,0.0
2022-03-04,12466.665510855371,0.0,0.0,,0,288,0,0.0
2022-11-19,7998.951749999999,42026.86041666666,0.0,0.0,288,288,0,1.0
2022-11-18,9468.562583333332,48920.67483333333,0.0,0.0,288,288,0,1.0
2022-11-17,10871.473666666667,50988.79783333333,0.0,0.0,288,288,0,1.0
2022-11-16,6071.498833333333,49885.509249999996,0.0,0.0,288,288,0,1.0
2022-11-15,7376.806916666666,50450.62258333333,0.0,0.0,288,288,0,1.0
2022-11-14,3468.3759166666664,48705.76583333333,0.0,0.0,288,288,0,1.0
2023-07-14,8133.82075,39117.17208333333,0.0,0.0,288,288,0,1.0
2023-06-27,9818.883416666666,35513.08757575757,0.0,0.0,288,288,0,1.0
2023-01-06,10725.135916666666,44642.68508333334,0.0,0.0,288,288,0,1.0
2023-01-14,18457.15325,39908.63691666666,0.0,0.0,288,288,0,1.0
2023-01-12,18736.267916666664,48258.786583333334,0.0,0.0,288,288,0,1.0
2023-01-11,13973.870083333333,48669.12225,0.0,0.0,288,288,0,1.0
2023-01-05,8303.146083333333,46804.09641666667,0.0,0.0,288,288,0,1.0
2023-01-10,12538.104833333333,42054.51383333333,0.0,0.0,288,288,0,1.0
2023-03-06,8482.640583333332,44083.99908333333,0.0,0.0,288,288,0,1.0
2023-03-08,11084.118416666666,51284.92508333333,0.0,0.0,288,288,0,1.0
2023-01-17,8843.126,53252.80875,0.0,0.0,288,288,0,1.0
2023-01-18,3817.77125,53239.39208333333,0.0,0.0,288,288,0,1.0
2023-01-19,4578.964583333333,53207.85908333333,0.0,0.0,288,288,0,1.0
2023-01-20,3858.61525,46723.949916666665,0.0,0.0,288,288,0,1.0
2023-01-21,8540.493416666666,36008.59975,0.0,0.0,288,288,0,1.0
2023-01-22,3743.0865,36571.972499999996,0.0,0.0,288,288,0,1.0
2023-01-23,4768.10675,47038.88141666666,0.0,0.0,288,288,0,1.0
2023-01-24,271.80625,45278.733,0.0,0.0,288,288,0,1.0
2023-01-25,4117.5529166666665,44518.208,0.0,0.0,288,288,0,1.0
2023-01-26,6790.801083333333,47142.790499999996,0.0,0.0,288,288,0,1.0
2023-03-09,16305.047416666666,47746.67533333333,0.0,0.0,288,288,0,1.0
2022-11-22,6079.943499999999,50868.169916666666,0.0,0.0,288,288,0,1.0
2023-03-01,8286.4385,39477.52491666666,0.0,0.0,288,288,0,1.0
2023-03-03,4144.12975,37107.2785,0.0,0.0,288,288,0,1.0
2023-03-04,4963.776333333333,29370.87875,0.0,0.0,288,288,0,1.0
2022-11-21,7169.313666666666,51884.805499999995,0.0,0.0,288,288,0,1.0
2022-11-26,16269.255666666666,34374.1425,0.0,0.0,288,288,0,1.0
2022-11-25,11976.650833333333,44108.68975,0.0,0.0,288,288,0,1.0
2022-11-24,10721.597,51186.41216666666,0.0,0.0,288,288,0,1.0
2022-11-23,10431.360833333332,50157.171083333335,0.0,0.0,288,288,0,1.0
2023-01-30,11147.421333333334,46020.98216666666,0.0,0.0,288,288,0,1.0
2023-01-27,1557.3618333333332,44156.024249999995,0.0,0.0,288,288,0,1.0
2022-11-29,1786.5469999999998,52806.024,0.0,0.0,288,288,0,1.0
2022-11-27,5261.7981666666665,33433.85791666667,0.0,0.0,288,288,0,1.0
2022-12-04,3907.817083333333,32132.19108333333,0.0,0.0,288,288,0,1.0
2022-12-05,4618.516666666666,41304.994166666664,0.0,0.0,288,288,0,1.0
2022-12-07,7580.135583333333,45088.89108333333,0.0,0.0,288,288,0,1.0
2022-12-06,5583.35975,42374.12216666667,0.0,0.0,288,288,0,1.0
2022-11-30,2615.396333333333,52733.06441666667,0.0,0.0,288,288,0,1.0
2022-12-01,1708.4258333333332,49197.20733333333,0.0,0.0,288,288,0,1.0
2022-12-02,2889.0131666666666,39891.620125,0.0,0.0,288,288,0,1.0
2022-11-28,4470.5152499999995,51016.988666666664,0.0,0.0,288,288,0,1.0
2022-12-12,745.4718333333333,43201.37025,0.0,0.0,288,288,0,1.0
2022-12-11,1385.294798223192,33170.423416666665,0.0,0.0,288,288,0,1.0
2022-12-09,7064.085249999999,42631.03833333333,0.0,0.0,288,288,0,1.0
2022-12-08,6924.2119999999995,44468.57641666666,0.0,0.0,288,288,0,1.0
2022-10-21,8499.409249999999,46634.11183333333,0.0,0.0,288,288,0,1.0
2022-10-24,3253.062833333333,50711.798224365746,0.0,0.0,288,288,0,1.0
2022-10-20,2893.2171666666663,48160.597624999995,0.0,0.0,288,288,0,1.0
2022-12-13,5511.917371001562,42742.623916666664,0.0,0.0,288,288,0,1.0
2022-11-01,10109.765333333333,48790.98375,0.0,0.0,288,288,0,1.0
2022-10-29,7610.89675,38029.62466666666,0.0,0.0,288,288,0,1.0
2022-11-02,21837.390416666665,49891.315833333334,0.0,0.0,288,288,0,1.0
2023-03-15,13384.656916666667,42006.06508333333,0.0,0.0,288,288,0,1.0
2023-03-16,13835.326916666665,40289.35258333333,0.0,0.0,288,288,0,1.0
2023-04-24,1711.7997327078033,45404.76992771084,0.0,0.0,288,288,0,1.0
2023-04-27,14916.458999999999,48723.40866666666,0.0,0.0,288,288,0,1.0
2023-01-16,7378.362083333333,52359.95008333333,0.0,0.0,288,288,0,1.0
2022-11-12,7800.286249999999,38488.06291666666,0.0,0.0,288,288,0,1.0
2022-11-11,10975.106583333332,46157.35058333333,0.0,0.0,288,288,0,1.0
2022-11-10,15053.885416666666,48464.9215,0.0,0.0,288,288,0,1.0
2022-11-09,9376.666666666666,48512.62054166666,0.0,0.0,288,288,0,1.0
2022-11-05,4584.338833333333,38091.87416666666,0.0,0.0,288,288,0,1.0
2022-07-28,9196.545583333333,30101.13725,0.0,0.0,288,288,0,1.0
2022-10-04,12763.622333333333,37491.12416666666,0.0,0.0,288,288,0,1.0
2022-06-05,7353.49375,32760.15208333333,0.0,0.0,288,288,0,1.0
2022-03-11,34351.93670782549,0.0,0.0,,0,288,0,0.0
2023-11-15,9784.218166666666,55050.165875,0.0,0.0,288,288,0,1.0
2023-11-16,2865.0136666666667,55744.46158333333,0.0,0.0,288,288,0,1.0
2023-11-17,9228.33375,54042.744166666664,0.0,0.0,288,288,0,1.0
2023-11-18,11306.644416666666,49697.85058333333,0.0,0.0,288,288,0,1.0
2023-11-19,12583.537916666666,43415.069416666665,0.0,0.0,288,288,0,1.0
2023-12-26,6874.17425,36153.465,0.0,0.0,288,288,0,1.0
2022-09-30,11722.992333333334,36251.479166666664,0.0,0.0,288,288,0,1.0
2023-11-21,6781.454,61963.356499999994,0.0,0.0,288,288,0,1.0
2023-11-20,5336.577249999999,61454.133375,0.0,0.0,288,288,0,1.0
2023-11-24,14758.964083333332,54976.869166666664,0.0,0.0,288,288,0,1.0
2023-11-22,5476.19025,59165.27725,0.0,0.0,288,288,0,1.0
2023-11-26,1996.2923333333333,44344.41158333333,0.0,0.0,288,288,0,1.0
2023-11-27,3623.9885833333333,59724.108499999995,0.0,0.0,288,288,0,1.0
2023-11-28,7680.776083333333,60373.991416666664,0.0,0.0,288,288,0,1.0
2023-11-25,7508.6295,44195.71458333333,0.0,0.0,288,288,0,1.0
2023-11-29,7243.532249999999,63298.48908333333,0.0,0.0,288,288,0,1.0
2023-11-30,8263.573999999999,62595.761,0.0,0.0,288,288,0,1.0
2023-03-28,5537.423333333333,36912.38432190358,0.0,0.0,288,288,0,1.0
2023-12-01,7160.210999999999,63904.14783333333,0.0,0.0,288,288,0,1.0
2023-04-05,6854.596583333333,32322.49875,0.0,0.0,288,288,0,1.0
2023-04-14,9614.029083333333,32733.513166666664,0.0,0.0,288,288,0,1.0
2023-04-17,11155.926916666665,42051.19158333333,0.0,0.0,288,288,0,1.0
2022-03-01,20598.344250861956,0.0,0.0,,0,288,0,0.0
2023-09-12,7089.548916666667,30524.958,0.0,0.0,288,288,0,1.0
2023-09-19,17534.936666666665,38090.48216666666,0.0,0.0,288,288,0,1.0
2022-03-12,30243.597719364323,0.0,0.0,,0,288,0,0.0
2022-03-13,26538.03405002591,0.0,0.0,,0,288,0,0.0
2022-03-14,26208.59084225518,0.0,0.0,,0,288,0,0.0
2022-03-15,15066.003141338331,0.0,0.0,,0,288,0,0.0
2022-03-16,7079.865260496506,0.0,0.0,,0,288,0,0.0
2022-03-17,22985.129686134766,0.0,0.0,,0,288,0,0.0
2022-03-18,26601.836758512756,0.0,0.0,,0,288,0,0.0
2022-03-10,27231.576802097727,0.0,0.0,,0,288,0,0.0
2022-03-20,21469.58496356351,0.0,0.0,,0,288,0,0.0
2022-03-21,9864.188308988412,0.0,0.0,,0,288,0,0.0
2022-03-22,19436.860999999997,0.0,0.0,,0,288,0,0.0
2022-03-23,21271.61708333333,0.0,0.0,,0,288,0,0.0
2022-03-24,16855.803916666668,0.0,0.0,,0,288,0,0.0
2022-03-25,22226.704833333333,0.0,0.0,,0,288,0,0.0
2022-03-26,22587.7525,0.0,0.0,,0,288,0,0.0
2022-03-27,14025.411,0.0,0.0,,0,288,0,0.0
2022-03-28,18032.598416666664,0.0,0.0,,0,288,0,0.0
2022-03-29,18938.212499999998,0.0,0.0,,0,288,0,0.0
2022-03-30,5251.098083333333,0.0,0.0,,0,288,0,0.0
2022-03-31,24099.667749999997,0.0,0.0,,0,288,0,0.0
2022-04-01,22932.395166666665,0.0,0.0,,0,288,0,0.0
2022-04-02,17061.32825,0.0,0.0,,0,288,0,0.0
2023-11-02,13647.963916666666,52781.167166666666,0.0,0.0,288,288,0,1.0
2023-11-04,6126.840083333333,40305.34733333333,0.0,0.0,288,288,0,1.0
2023-10-20,10660.176666666666,48861.696749999996,0.0,0.0,288,288,0,1.0
2022-03-02,12828.436009197769,0.0,0.0,,0,288,0,0.0
2023-10-23,12094.952333333333,50991.00104166666,0.0,0.0,288,288,0,1.0
2023-10-24,6730.258666666667,51195.417916666665,0.0,0.0,288,288,0,1.0
2023-10-25,8875.431833333332,52529.393,0.0,0.0,288,288,0,1.0
2022-03-19,41406.219095909,0.0,0.0,,0,288,0,0.0
