scenario_id,keele_date,scenario_site,fleet_size,participation_rate,participant_count,site_limit_kw,strategy,forecast_source,required_energy_kwh,delivered_energy_kwh,unserved_energy_kwh,service_rate,renewable_absorbed_kwh,residual_surplus_kwh,ev_grid_energy_kwh,peak_ev_kw,peak_total_load_kw,solver_status,objective_value,solver_used,reported_unserved_variable_kwh,remaining_energy_state_kwh,horizon_hours,reoptimise_minutes,baseline_service_rate,baseline_renewable_absorbed_kwh,baseline_residual_surplus_kwh,baseline_ev_grid_energy_kwh,baseline_unserved_energy_kwh,baseline_peak_ev_kw,baseline_peak_total_load_kw,renewable_absorption_change_kwh,residual_surplus_reduction_kwh,grid_energy_change_kwh,service_rate_change
20230707_pooled_F10_P025_S42,2023-07-07,pooled,10,0.25,2,50.0,immediate,none,14.725,16.361111111111118,0.0,1.0,16.361111111111118,12260.382705354144,0.0,13.2,2062.154,,,,,,,,1.0,16.361111111111118,12260.382705354144,0.0,0.0,13.2,2062.154,0.0,0.0,0.0,0.0
20230707_pooled_F10_P025_S42,2023-07-07,pooled,10,0.25,2,50.0,fixed_delayed,none,14.725,16.361111111111118,0.0,1.0,16.361111111111118,12260.382705354144,0.0,13.2,2062.154,,,,,,,,1.0,16.361111111111118,12260.382705354144,0.0,0.0,13.2,2062.154,0.0,0.0,0.0,0.0
20230707_pooled_F10_P025_S43,2023-07-07,pooled,10,0.25,2,50.0,immediate,none,16.762999999999998,18.62555555555556,0.0,1.0,18.62555555555556,12695.19020030618,0.0,13.2,2068.754,,,,,,,,1.0,18.62555555555556,12695.19020030618,0.0,0.0,13.2,2068.754,0.0,0.0,0.0,0.0
20230707_pooled_F10_P025_S43,2023-07-07,pooled,10,0.25,2,50.0,fixed_delayed,none,16.762999999999998,18.62555555555556,0.0,1.0,18.62555555555556,12695.19020030618,0.0,13.2,2062.154,,,,,,,,1.0,18.62555555555556,12695.19020030618,0.0,0.0,13.2,2068.754,0.0,0.0,0.0,0.0
20230707_pooled_F10_P050_S42,2023-07-07,pooled,10,0.5,5,50.0,immediate,none,64.482,71.42666666666668,0.0,1.0,26.876666666666672,12686.93908919507,44.55,13.2,2062.154,,,,,,,,1.0,26.876666666666672,12686.93908919507,44.55,0.0,13.2,2062.154,0.0,0.0,0.0,0.0
20230707_pooled_F10_P050_S42,2023-07-07,pooled,10,0.5,5,50.0,fixed_delayed,none,64.482,71.42666666666668,0.0,1.0,34.57666666666667,12679.23908919507,36.85,13.2,2062.154,,,,,,,,1.0,26.876666666666672,12686.93908919507,44.55,0.0,13.2,2062.154,7.699999999999996,7.699999999998909,-7.699999999999996,0.0
20230707_pooled_F10_P050_S43,2023-07-07,pooled,10,0.5,5,50.0,immediate,none,39.417,43.796666666666674,0.0,1.0,26.41666666666667,12687.39908919507,17.380000000000003,13.2,2068.754,,,,,,,,1.0,26.41666666666667,12687.39908919507,17.380000000000003,0.0,13.2,2068.754,0.0,0.0,0.0,0.0
20230707_pooled_F10_P050_S43,2023-07-07,pooled,10,0.5,5,50.0,fixed_delayed,none,39.417,43.796666666666674,0.0,1.0,33.016666666666666,12680.79908919507,10.780000000000005,19.8,2062.154,,,,,,,,1.0,26.41666666666667,12687.39908919507,17.380000000000003,0.0,13.2,2068.754,6.599999999999994,6.600000000000364,-6.599999999999998,0.0
20230707_pooled_F10_P075_S42,2023-07-07,pooled,10,0.75,8,50.0,immediate,none,96.707,107.23222222222223,0.0,1.0,61.84444444444447,12651.971311417292,45.387777777777785,13.2,2075.354,,,,,,,,1.0,61.84444444444447,12651.971311417292,45.387777777777785,0.0,13.2,2075.354,0.0,0.0,0.0,0.0
20230707_pooled_F10_P075_S42,2023-07-07,pooled,10,0.75,8,50.0,fixed_delayed,none,96.707,107.23222222222223,0.0,1.0,70.38222222222224,12643.433533639516,36.85,26.4,2068.769,,,,,,,,1.0,61.84444444444447,12651.971311417292,45.387777777777785,0.0,13.2,2075.354,8.53777777777777,8.537777777775773,-8.537777777777784,0.0
20230707_pooled_F10_P075_S43,2023-07-07,pooled,10,0.75,8,50.0,immediate,none,55.874,62.08222222222222,0.0,1.0,39.20222222222223,12674.613533639516,22.880000000000003,13.2,2068.754,,,,,,,,1.0,39.20222222222223,12674.613533639516,22.880000000000003,0.0,13.2,2068.754,0.0,0.0,0.0,0.0
20230707_pooled_F10_P075_S43,2023-07-07,pooled,10,0.75,8,50.0,fixed_delayed,none,55.874,62.08222222222222,0.0,1.0,51.30222222222222,12662.513533639514,10.780000000000005,37.693333333333335,2062.154,,,,,,,,1.0,39.20222222222223,12674.613533639516,22.880000000000003,0.0,13.2,2068.754,12.099999999999987,12.100000000002183,-12.099999999999998,0.0
20230707_pooled_F10_P100_S42,2023-07-07,pooled,10,1.0,10,50.0,immediate,none,106.681,118.31444444444443,0.0,1.0,72.92666666666669,12640.889089195072,45.387777777777785,19.8,2075.354,,,,,,,,1.0,72.92666666666669,12640.889089195072,45.387777777777785,0.0,19.8,2075.354,0.0,0.0,0.0,0.0
20230707_pooled_F10_P100_S42,2023-07-07,pooled,10,1.0,10,50.0,fixed_delayed,none,106.681,118.31444444444443,0.0,1.0,81.46444444444445,12632.351311417293,36.85,39.6,2068.769,,,,,,,,1.0,72.92666666666669,12640.889089195072,45.387777777777785,0.0,19.8,2075.354,8.537777777777762,8.53777777777941,-8.537777777777784,0.0
20230707_pooled_F10_P100_S43,2023-07-07,pooled,10,1.0,10,50.0,immediate,none,57.448,63.83111111111111,0.0,1.0,40.13888888888889,12673.676866972848,23.692222222222227,19.8,2068.754,,,,,,,,1.0,40.13888888888889,12673.676866972848,23.692222222222227,0.0,19.8,2068.754,0.0,0.0,0.0,0.0
20230707_pooled_F10_P100_S43,2023-07-07,pooled,10,1.0,10,50.0,fixed_delayed,none,57.448,63.44444444444444,0.293,0.9,52.66444444444444,12661.151311417292,10.780000000000005,40.84,2064.765,,,,,,,,1.0,40.13888888888889,12673.676866972848,23.692222222222227,0.0,19.8,2068.754,12.525555555555549,12.525555555555911,-12.912222222222223,-0.09999999999999998
20230707_pooled_F25_P025_S42,2023-07-07,pooled,25,0.25,6,100.0,immediate,none,82.078,90.9777777777778,0.0,1.0,46.42777777777778,12667.387978083958,44.55,13.2,2068.754,,,,,,,,1.0,46.42777777777778,12667.387978083958,44.55,0.0,13.2,2068.754,0.0,0.0,0.0,0.0
20230707_pooled_F25_P025_S42,2023-07-07,pooled,25,0.25,6,100.0,fixed_delayed,none,82.078,90.9777777777778,0.0,1.0,54.127777777777794,12659.68797808396,36.85,19.8,2062.169,,,,,,,,1.0,46.42777777777778,12667.387978083958,44.55,0.0,13.2,2068.754,7.700000000000017,7.69999999999709,-7.699999999999996,0.0
20230707_pooled_F25_P025_S43,2023-07-07,pooled,25,0.25,6,100.0,immediate,none,49.42399999999999,54.91555555555557,0.0,1.0,37.53555555555556,12676.280200306182,17.380000000000003,13.2,2068.754,,,,,,,,1.0,37.53555555555556,12676.280200306182,17.380000000000003,0.0,13.2,2068.754,0.0,0.0,0.0,0.0
20230707_pooled_F25_P025_S43,2023-07-07,pooled,25,0.25,6,100.0,fixed_delayed,none,49.42399999999999,54.91555555555557,0.0,1.0,44.13555555555556,12669.680200306178,10.780000000000005,26.4,2062.154,,,,,,,,1.0,37.53555555555556,12676.280200306182,17.380000000000003,0.0,13.2,2068.754,6.600000000000001,6.600000000004002,-6.599999999999998,0.0
20230707_pooled_F25_P050_S42,2023-07-07,pooled,25,0.5,12,100.0,immediate,none,123.061,136.51444444444445,0.0,1.0,91.1266666666667,12622.68908919507,45.387777777777785,33.0,2088.554,,,,,,,,1.0,91.1266666666667,12622.68908919507,45.387777777777785,0.0,33.0,2088.554,0.0,0.0,0.0,0.0
20230707_pooled_F25_P050_S42,2023-07-07,pooled,25,0.5,12,100.0,fixed_delayed,none,123.061,136.51444444444445,0.0,1.0,99.66444444444446,12614.151311417292,36.85,52.8,2077.742333333333,,,,,,,,1.0,91.1266666666667,12622.68908919507,45.387777777777785,0.0,33.0,2088.554,8.537777777777762,8.537777777777592,-8.537777777777784,0.0
20230707_pooled_F25_P050_S43,2023-07-07,pooled,25,0.5,12,100.0,immediate,none,90.458,100.50888888888888,0.0,1.0,72.96666666666665,12640.849089195071,27.54222222222222,26.4,2075.354,,,,,,,,1.0,72.96666666666665,12640.849089195071,27.54222222222222,0.0,26.4,2075.354,0.0,0.0,0.0,0.0
20230707_pooled_F25_P050_S43,2023-07-07,pooled,25,0.5,12,100.0,fixed_delayed,none,90.458,100.1222222222222,0.293,0.9166666666666666,89.34222222222219,12624.473533639512,10.780000000000005,54.04,2077.965,,,,,,,,1.0,72.96666666666665,12640.849089195071,27.54222222222222,0.0,26.4,2075.354,16.375555555555536,16.375555555559913,-16.762222222222217,-0.08333333333333337
20230707_pooled_F25_P075_S42,2023-07-07,pooled,25,0.75,19,100.0,immediate,none,193.329,214.59000000000003,0.0,1.0,131.72666666666672,12582.08908919507,82.86333333333333,39.6,2095.154,,,,,,,,1.0,131.72666666666672,12582.08908919507,82.86333333333333,0.0,39.6,2095.154,0.0,0.0,0.0,0.0
20230707_pooled_F25_P075_S42,2023-07-07,pooled,25,0.75,19,100.0,fixed_delayed,none,193.329,214.53000000000003,0.0,1.0,167.15444444444444,12546.66131141729,47.37555555555555,79.19999999999999,2099.978333333333,,,,,,,,1.0,131.72666666666672,12582.08908919507,82.86333333333333,0.0,39.6,2095.154,35.42777777777772,35.42777777777883,-35.48777777777778,0.0
20230707_pooled_F25_P075_S43,2023-07-07,pooled,25,0.75,19,100.0,immediate,none,192.902,214.3355555555556,0.0,1.0,159.3266666666667,12554.48908919507,55.0088888888889,39.6,2088.554,,,,,,,,1.0,159.3266666666667,12554.48908919507,55.0088888888889,0.0,39.6,2088.554,0.0,0.0,0.0,0.0
20230707_pooled_F25_P075_S43,2023-07-07,pooled,25,0.75,19,100.0,fixed_delayed,none,192.902,213.9488888888889,0.293,0.9473684210526316,189.28333333333333,12524.532422528402,24.665555555555585,93.64,2117.565,,,,,,,,1.0,159.3266666666667,12554.48908919507,55.0088888888889,0.0,39.6,2088.554,29.95666666666662,29.956666666668752,-30.343333333333312,-0.05263157894736836
20230707_pooled_F25_P100_S42,2023-07-07,pooled,25,1.0,25,100.0,immediate,none,223.249,247.83444444444444,0.0,1.0,163.66555555555558,12550.15020030618,84.16888888888887,39.6,2095.154,,,,,,,,1.0,163.66555555555558,12550.15020030618,84.16888888888887,0.0,39.6,2095.154,0.0,0.0,0.0,0.0
20230707_pooled_F25_P100_S42,2023-07-07,pooled,25,1.0,25,100.0,fixed_delayed,none,223.249,247.77444444444444,0.0,1.0,199.0933333333333,12514.722422528404,48.68111111111109,85.8,2113.052,,,,,,,,1.0,163.66555555555558,12550.15020030618,84.16888888888887,0.0,39.6,2095.154,35.42777777777772,35.42777777777519,-35.48777777777778,0.0
20230707_pooled_F25_P100_S43,2023-07-07,pooled,25,1.0,25,100.0,immediate,none,221.699,246.33222222222224,0.0,1.0,189.67333333333332,12524.142422528404,56.658888888888896,59.4,2095.154,,,,,,,,1.0,189.67333333333332,12524.142422528404,56.658888888888896,0.0,59.4,2095.154,0.0,0.0,0.0,0.0
20230707_pooled_F25_P100_S43,2023-07-07,pooled,25,1.0,25,100.0,fixed_delayed,none,221.699,245.9455555555556,0.293,0.96,217.21777777777777,12496.597978083955,28.727777777777806,100.0,2127.252,,,,,,,,1.0,189.67333333333332,12524.142422528404,56.658888888888896,0.0,59.4,2095.154,27.54444444444445,27.544444444449255,-27.93111111111109,-0.040000000000000036
20230707_pooled_F50_P025_S42,2023-07-07,pooled,50,0.25,12,200.0,immediate,none,123.061,136.51444444444445,0.0,1.0,91.1266666666667,12622.68908919507,45.387777777777785,33.0,2088.554,,,,,,,,1.0,91.1266666666667,12622.68908919507,45.387777777777785,0.0,33.0,2088.554,0.0,0.0,0.0,0.0
20230707_pooled_F50_P025_S42,2023-07-07,pooled,50,0.25,12,200.0,fixed_delayed,none,123.061,136.51444444444445,0.0,1.0,99.66444444444446,12614.151311417292,36.85,52.8,2077.742333333333,,,,,,,,1.0,91.1266666666667,12622.68908919507,45.387777777777785,0.0,33.0,2088.554,8.537777777777762,8.537777777777592,-8.537777777777784,0.0
20230707_pooled_F50_P025_S43,2023-07-07,pooled,50,0.25,12,200.0,immediate,none,90.458,100.50888888888888,0.0,1.0,72.96666666666665,12640.849089195071,27.54222222222222,26.4,2075.354,,,,,,,,1.0,72.96666666666665,12640.849089195071,27.54222222222222,0.0,26.4,2075.354,0.0,0.0,0.0,0.0
20230707_pooled_F50_P025_S43,2023-07-07,pooled,50,0.25,12,200.0,fixed_delayed,none,90.458,100.1222222222222,0.293,0.9166666666666666,89.34222222222219,12624.473533639512,10.780000000000005,54.04,2077.965,,,,,,,,1.0,72.96666666666665,12640.849089195071,27.54222222222222,0.0,26.4,2075.354,16.375555555555536,16.375555555559913,-16.762222222222217,-0.08333333333333337
20230707_pooled_F50_P050_S42,2023-07-07,pooled,50,0.5,25,200.0,immediate,none,223.249,247.83444444444444,0.0,1.0,163.66555555555558,12550.15020030618,84.16888888888887,39.6,2095.154,,,,,,,,1.0,163.66555555555558,12550.15020030618,84.16888888888887,0.0,39.6,2095.154,0.0,0.0,0.0,0.0
20230707_pooled_F50_P050_S42,2023-07-07,pooled,50,0.5,25,200.0,fixed_delayed,none,223.249,247.77444444444444,0.0,1.0,199.0933333333333,12514.722422528404,48.68111111111109,85.8,2113.052,,,,,,,,1.0,163.66555555555558,12550.15020030618,84.16888888888887,0.0,39.6,2095.154,35.42777777777772,35.42777777777519,-35.48777777777778,0.0
20230707_pooled_F50_P050_S43,2023-07-07,pooled,50,0.5,25,200.0,immediate,none,221.699,246.33222222222224,0.0,1.0,189.67333333333332,12524.142422528404,56.658888888888896,59.4,2095.154,,,,,,,,1.0,189.67333333333332,12524.142422528404,56.658888888888896,0.0,59.4,2095.154,0.0,0.0,0.0,0.0
20230707_pooled_F50_P050_S43,2023-07-07,pooled,50,0.5,25,200.0,fixed_delayed,none,221.699,245.9455555555556,0.293,0.96,221.28,12492.535755861736,24.665555555555585,126.64,2150.565,,,,,,,,1.0,189.67333333333332,12524.142422528404,56.658888888888896,0.0,59.4,2095.154,31.606666666666683,31.60666666666839,-31.99333333333331,-0.040000000000000036
20230707_pooled_F50_P075_S42,2023-07-07,pooled,50,0.75,38,200.0,immediate,none,391.23,434.2600000000001,0.0,1.0,284.6792991682158,12429.136456693524,149.58070083178427,66.0,2121.554,,,,,,,,1.0,284.6792991682158,12429.136456693524,149.58070083178427,0.0,66.0,2121.554,0.0,0.0,0.0,0.0
20230707_pooled_F50_P075_S42,2023-07-07,pooled,50,0.75,38,200.0,fixed_delayed,none,391.23,434.2000000000001,0.0,1.0,330.59374361266015,12383.222012249078,103.60625638733984,137.66666666666674,2152.652,,,,,,,,1.0,284.6792991682158,12429.136456693524,149.58070083178427,0.0,66.0,2121.554,45.91444444444437,45.91444444444642,-45.97444444444443,0.0
20230707_pooled_F50_P075_S43,2023-07-07,pooled,50,0.75,38,200.0,immediate,none,379.102,421.1144444444445,0.0,1.0,329.8166666666667,12383.99908919507,91.29777777777778,92.4,2128.154,,,,,,,,1.0,329.8166666666667,12383.99908919507,91.29777777777778,0.0,92.4,2128.154,0.0,0.0,0.0,0.0
20230707_pooled_F50_P075_S43,2023-07-07,pooled,50,0.75,38,200.0,fixed_delayed,none,379.102,420.5555555555556,0.293,0.9736842105263158,371.7011111111111,12342.114644750627,48.85444444444448,179.44,2203.365,,,,,,,,1.0,329.8166666666667,12383.99908919507,91.29777777777778,0.0,92.4,2128.154,41.8844444444444,41.884444444442124,-42.4433333333333,-0.02631578947368418
20230707_pooled_F50_P100_S42,2023-07-07,pooled,50,1.0,50,200.0,immediate,none,605.239,671.6111111111111,0.0,1.0,467.6504102793269,12246.165345582407,203.9607008317843,105.6,2147.954,,,,,,,,1.0,467.6504102793269,12246.165345582407,203.9607008317843,0.0,105.6,2147.954,0.0,0.0,0.0,0.0
20230707_pooled_F50_P100_S42,2023-07-07,pooled,50,1.0,50,200.0,fixed_delayed,none,605.239,670.98,0.0,1.0,546.3659658348824,12167.449790026856,124.61403416511764,200.00000000000009,2216.485,,,,,,,,1.0,467.6504102793269,12246.165345582407,203.9607008317843,0.0,105.6,2147.954,78.71555555555557,78.71555555555096,-79.34666666666665,0.0
20230707_pooled_F50_P100_S43,2023-07-07,pooled,50,1.0,50,200.0,immediate,none,547.559,607.848888888889,0.0,1.0,470.4122222222222,12243.403533639512,137.43666666666667,121.21333333333332,2154.554,,,,,,,,1.0,470.4122222222222,12243.403533639512,137.43666666666667,0.0,121.21333333333332,2154.554,0.0,0.0,0.0,0.0
20230707_pooled_F50_P100_S43,2023-07-07,pooled,50,1.0,50,200.0,fixed_delayed,none,547.559,607.25,0.293,0.98,550.5899999999999,12163.225755861737,56.660000000000025,200.0000000000001,2227.252,,,,,,,,1.0,470.4122222222222,12243.403533639512,137.43666666666667,0.0,121.21333333333332,2154.554,80.17777777777769,80.17777777777519,-80.77666666666664,-0.020000000000000018
20230707_pooled_F10_P025_S42,2023-07-07,pooled,10,0.25,2,50.0,optimised_actual,actual,14.725,39.049999961420376,0.0,1.0,39.04999996142037,12237.69381650383,0.0,13.19999998711643,2067.306999987094,optimal,12237.824496503865,CLARABEL,3.9794794208631446e-14,,,,1.0,16.361111111111118,12260.382705354144,0.0,0.0,13.2,2062.154,22.68888885030925,22.68888885031447,0.0,0.0
20230707_pooled_F10_P025_S43,2023-07-07,pooled,10,0.25,2,50.0,optimised_actual,actual,16.762999999999998,96.24999985702372,0.0,1.0,96.24999985702372,12617.565756004711,0.0,13.199999981426728,2068.753999990127,optimal,12617.739996023698,CLARABEL,3.9699765288486613e-13,,,,1.0,18.62555555555556,12695.19020030618,0.0,0.0,13.2,2068.754,77.62444430146816,77.62444430146934,0.0,0.0
20230707_pooled_F10_P050_S42,2023-07-07,pooled,10,0.5,5,50.0,optimised_actual,actual,64.482,138.59999996684877,0.0,1.0,101.74999996685008,12612.065755894888,36.84999999999869,19.799999993032504,2073.9069999930293,optimal,14776.620675916443,CLARABEL,0.1980000000017086,,,,1.0,26.876666666666672,12686.93908919507,44.55,0.0,13.2,2062.154,74.87333330018342,74.87333330018191,-7.70000000000131,0.0
20230707_pooled_F10_P050_S43,2023-07-07,pooled,10,0.5,5,50.0,optimised_actual,actual,39.417,164.22999865481546,0.0,1.0,153.44999865066785,12560.365757211071,10.780000004147617,26.399999781042144,2075.353999882399,optimal,12614.657800648663,CLARABEL,2.432068685524446e-12,,,,1.0,26.41666666666667,12687.39908919507,17.380000000000003,0.0,13.2,2068.754,127.03333198400118,127.03333198399923,-6.599999995852386,0.0
20230707_pooled_F10_P075_S42,2023-07-07,pooled,10,0.75,8,50.0,optimised_actual,actual,96.707,288.19999931315584,0.0,1.0,251.34999931316727,12462.465756548569,36.849999999988576,39.59999989894664,2093.7069998611228,optimal,14627.543396736275,CLARABEL,0.1980000000137124,,,,1.0,61.84444444444447,12651.971311417292,45.387777777777785,0.0,13.2,2075.354,189.5055548687228,189.50555486872327,-8.53777777778921,0.0
20230707_pooled_F10_P075_S43,2023-07-07,pooled,10,0.75,8,50.0,optimised_actual,actual,55.874,293.47999000455684,0.0,1.0,282.6999899880196,12431.115765873716,10.7800000165372,46.19999838790056,2093.706998611891,optimal,12486.279010930391,CLARABEL,1.5591491805048138e-11,,,,1.0,39.20222222222223,12674.613533639516,22.880000000000003,0.0,13.2,2068.754,243.49776776579733,243.49776776580075,-12.099999983462803,0.0
20230707_pooled_F10_P100_S42,2023-07-07,pooled,10,1.0,10,50.0,optimised_actual,actual,106.681,374.83333250162895,0.0,1.0,337.98333250164126,12375.832423360096,36.849999999987695,49.99999997875054,2104.106999978527,optimal,14541.026063627898,CLARABEL,0.1980000000149533,,,,1.0,72.92666666666669,12640.889089195072,45.387777777777785,0.0,19.8,2075.354,265.0566658349746,265.05666583497623,-8.53777777779009,0.0
20230707_pooled_F10_P100_S43,2023-07-07,pooled,10,1.0,10,50.0,optimised_actual,actual,57.448,353.29666386330354,0.0,1.0,342.51666385899057,12371.299092002746,10.78000000431302,49.99999994134812,2100.3069995918136,optimal,12427.123413461815,CLARABEL,4.363427427669788e-12,,,,1.0,40.13888888888889,12673.676866972848,23.692222222222227,0.0,19.8,2068.754,302.37777497010165,302.3777749701021,-12.912222217909207,0.0
20230707_pooled_F25_P025_S42,2023-07-07,pooled,25,0.25,6,100.0,optimised_actual,actual,82.078,191.39999954176997,0.0,1.0,154.54999954178243,12559.265756319954,36.84999999998755,26.399999922869384,2080.506999919231,optimal,14724.08203649774,CLARABEL,0.1980000000146707,,,,1.0,46.42777777777778,12667.387978083958,44.55,0.0,13.2,2068.754,108.12222176400465,108.12222176400428,-7.7000000000124444,0.0
20230707_pooled_F25_P025_S43,2023-07-07,pooled,25,0.25,6,100.0,optimised_actual,actual,49.42399999999999,199.4299036623013,0.0,1.0,188.64990342503305,12525.165852436705,10.78000023726829,32.99998341200394,2080.5069864143607,optimal,12579.632152740449,CLARABEL,1.7656646148512766e-10,,,,1.0,37.53555555555556,12676.280200306182,17.380000000000003,0.0,13.2,2068.754,151.11434786947748,151.11434786947757,-6.599999762731713,0.0
20230707_pooled_F25_P050_S42,2023-07-07,pooled,25,0.5,12,100.0,optimised_actual,actual,123.061,474.6499982263709,0.0,1.0,437.79999822638695,12276.015757635349,36.84999999998395,65.99999974555274,2120.106999640125,optimal,14441.703238013575,CLARABEL,0.1980000000203689,,,,1.0,91.1266666666667,12622.68908919507,45.387777777777785,0.0,33.0,2088.554,346.6733315597203,346.6733315597212,-8.537777777793835,0.0
20230707_pooled_F25_P050_S43,2023-07-07,pooled,25,0.5,12,100.0,optimised_actual,actual,90.458,471.8704065974685,0.0,1.0,461.0904065936716,12252.725349268065,10.780000003796951,65.9999994936066,2113.506999544248,optimal,12309.988837584477,CLARABEL,4.103674587260426e-12,,,,1.0,72.96666666666665,12640.849089195071,27.54222222222222,0.0,26.4,2075.354,388.123739927005,388.1237399270067,-16.762222218425272,0.0
20230707_pooled_F25_P075_S42,2023-07-07,pooled,25,0.75,19,100.0,optimised_actual,actual,193.329,655.3159480197994,0.0,1.0,607.9403939667721,12105.875361894963,47.37555405302733,85.79999787732446,2134.753998203936,optimal,14325.743392147077,CLARABEL,0.1980000001363975,,,,1.0,131.72666666666672,12582.08908919507,82.86333333333333,0.0,39.6,2095.154,476.21372730010546,476.21372730010626,-35.487779280306,0.0
20230707_pooled_F25_P075_S43,2023-07-07,pooled,25,0.75,19,100.0,optimised_actual,actual,192.902,770.8286191933796,0.0,1.0,754.8763968128844,11958.93935904885,15.95222238049513,98.999988770719,2142.534986674093,optimal,12043.71040878859,CLARABEL,1.1581288659001287e-10,,,,1.0,159.3266666666667,12554.48908919507,55.0088888888889,0.0,39.6,2088.554,595.5497301462177,595.5497301462201,-39.05666650839377,0.0
20230707_pooled_F25_P100_S42,2023-07-07,pooled,25,1.0,25,100.0,optimised_actual,actual,223.249,744.6214437785944,0.0,1.0,695.9403335710209,12017.875422290716,48.68111020757351,98.99999001078578,2146.5069889689744,optimal,14244.77448271792,CLARABEL,0.1980000005997529,,,,1.0,163.66555555555558,12550.15020030618,84.16888888888887,0.0,39.6,2095.154,532.2747780154654,532.2747780154641,-35.48777868131536,0.0
20230707_pooled_F25_P100_S43,2023-07-07,pooled,25,1.0,25,100.0,optimised_actual,actual,221.699,872.4453916474555,0.0,1.0,856.4931694094184,11857.322586452316,15.952222238037107,99.99999992449276,2162.1539998869657,optimal,11943.923794579174,CLARABEL,1.4849289595590574e-11,,,,1.0,189.67333333333332,12524.142422528404,56.658888888888896,0.0,59.4,2095.154,666.8198360760852,666.8198360760889,-40.70666665085179,0.0
20230707_pooled_F50_P025_S42,2023-07-07,pooled,50,0.25,12,200.0,optimised_actual,actual,123.061,474.6499977740473,0.0,1.0,437.79999777406726,12276.01575808767,36.849999999979886,65.99999967704979,2120.106999550564,optimal,14441.703238579055,CLARABEL,0.1980000000252169,,,,1.0,91.1266666666667,12622.68908919507,45.387777777777785,0.0,33.0,2088.554,346.6733311074006,346.6733311074004,-8.5377777777979,0.0
20230707_pooled_F50_P025_S43,2023-07-07,pooled,50,0.25,12,200.0,optimised_actual,actual,90.458,471.8704055300775,0.0,1.0,461.0904055251815,12252.725350336554,10.78000000489595,65.99999934681207,2113.5069994121227,optimal,12309.988838883552,CLARABEL,4.777254761498611e-12,,,,1.0,72.96666666666665,12640.849089195071,27.54222222222222,0.0,26.4,2075.354,388.12373885851486,388.12373885851775,-16.762222217326272,0.0
20230707_pooled_F50_P050_S42,2023-07-07,pooled,50,0.5,25,200.0,optimised_actual,actual,223.249,744.621430668657,0.0,1.0,695.9403205536112,12017.875435308126,48.68111011504597,98.99998839292344,2146.506987132452,optimal,14244.77449714523,CLARABEL,0.1980000007020174,,,,1.0,163.66555555555558,12550.15020030618,84.16888888888887,0.0,39.6,2095.154,532.2747649980556,532.2747649980538,-35.487778773842905,0.0
20230707_pooled_F50_P050_S43,2023-07-07,pooled,50,0.5,25,200.0,optimised_actual,actual,221.699,1002.3785899320447,0.0,1.0,986.4263675476332,11727.389388314105,15.95222238441163,131.99998486601555,2168.93498294674,optimal,11814.68355797888,CLARABEL,1.5393563156304138e-10,,,,1.0,189.67333333333332,12524.142422528404,56.658888888888896,0.0,59.4,2095.154,796.7530342142999,796.7530342143,-40.70666650447727,0.0
20230707_pooled_F50_P075_S42,2023-07-07,pooled,50,0.75,38,200.0,optimised_actual,actual,391.23,1149.8304263442071,0.0,1.0,1050.5875101875702,11663.228245674169,99.24291615663692,138.59998482331017,2187.504984823282,optimal,16127.569533790149,CLARABEL,0.3960000011579546,,,,1.0,284.6792991682158,12429.136456693524,149.58070083178427,0.0,66.0,2121.554,765.9082110193544,765.9082110193558,-50.33778467514735,0.0
20230707_pooled_F50_P075_S43,2023-07-07,pooled,50,0.75,38,200.0,optimised_actual,actual,379.102,1451.3486271058812,0.0,1.0,1411.20751558111,11302.608240280628,40.14111152477089,191.39996452472735,2221.734960946566,optimal,12507.158882365517,CLARABEL,0.0990000013209135,,,,1.0,329.8166666666667,12383.99908919507,91.29777777777778,0.0,92.4,2128.154,1081.3908489144433,1081.3908489144414,-51.15666625300689,0.0
20230707_pooled_F50_P100_S42,2023-07-07,pooled,50,1.0,50,200.0,optimised_actual,actual,605.239,1647.961582631933,0.0,1.0,1527.5708848739198,11186.244870987815,120.39069775801318,199.99999974506295,2248.904999744931,optimal,19692.3212948686,CLARABEL,0.789000000579293,,,,1.0,467.6504102793269,12246.165345582407,203.9607008317843,0.0,105.6,2147.954,1059.9204745945929,1059.9204745945917,-83.57000307377112,0.0
20230707_pooled_F50_P100_S43,2023-07-07,pooled,50,1.0,50,200.0,optimised_actual,actual,547.559,1727.8187090396666,0.0,1.0,1686.3575976868772,11027.45815817486,41.46111135278954,199.9999992923728,2262.153998577485,optimal,16205.189591911598,CLARABEL,0.4950000009674476,,,,1.0,470.4122222222222,12243.403533639512,137.43666666666667,0.0,121.21333333333332,2154.554,1215.945375464655,1215.945375464651,-95.97555531387712,0.0
20230707_pooled_F10_P025_S42,2023-07-07,pooled,10,0.25,2,50.0,rolling_actual,actual,14.725,16.361111111111114,0.0,1.0,16.361111111111114,12260.382705354144,0.0,13.199999961811006,2062.154,,,,,0.0,6.0,15.0,1.0,16.361111111111118,12260.382705354144,0.0,0.0,13.2,2062.154,-3.552713678800501e-15,0.0,0.0,0.0
20230707_pooled_F10_P025_S43,2023-07-07,pooled,10,0.25,2,50.0,rolling_actual,actual,16.762999999999998,18.625555555555557,0.0,1.0,18.625555555555557,12695.19020030618,0.0,13.199999160409236,2068.75399976204,,,,,0.0,6.0,15.0,1.0,18.62555555555556,12695.19020030618,0.0,0.0,13.2,2068.754,-3.552713678800501e-15,0.0,0.0,0.0
20230707_pooled_F10_P050_S42,2023-07-07,pooled,10,0.5,5,50.0,rolling_actual,actual,64.482,71.42666666659144,0.0,1.0,34.57666666663549,12679.239089195102,36.84999999995596,13.19999999999953,2062.154,,,,,0.1980000000676997,6.0,15.0,1.0,26.876666666666672,12686.93908919507,44.55,0.0,13.2,2062.154,7.699999999968817,7.699999999967986,-7.700000000044035,0.0
20230707_pooled_F10_P050_S43,2023-07-07,pooled,10,0.5,5,50.0,rolling_actual,actual,39.417,43.79666666666667,0.0,1.0,33.0166666643994,12680.799089197337,10.78000000226726,13.199997709068958,2068.7539990954638,,,,,0.0,6.0,15.0,1.0,26.41666666666667,12687.39908919507,17.380000000000003,0.0,13.2,2068.754,6.599999997732731,6.599999997733903,-6.599999997732743,0.0
20230707_pooled_F10_P075_S42,2023-07-07,pooled,10,0.75,8,50.0,rolling_actual,actual,96.707,107.232222222147,0.0,1.0,70.38222222219105,12643.433533639543,36.84999999995596,19.799999961028732,2075.353999470576,,,,,0.1980000000676997,6.0,15.0,1.0,61.84444444444447,12651.971311417292,45.387777777777785,0.0,13.2,2075.354,8.537777777746577,8.537777777748488,-8.537777777821823,0.0
20230707_pooled_F10_P075_S43,2023-07-07,pooled,10,0.75,8,50.0,rolling_actual,actual,55.874,62.08222222222222,0.0,1.0,51.30222221995496,12662.513533641782,10.78000000226726,19.799999480042725,2068.7539980995743,,,,,0.0,6.0,15.0,1.0,39.20222222222223,12674.613533639516,22.880000000000003,0.0,13.2,2068.754,12.09999999773273,12.099999997733903,-12.099999997732743,0.0
