strategy,fleet_size,participation_rate,renewable_absorption_change_kwh,residual_surplus_reduction_kwh,service_rate
fixed_delayed,10,0.25,0.0,0.0,1.0
fixed_delayed,10,0.5,7.149999999999995,7.149999999999636,1.0
fixed_delayed,10,0.75,10.318888888888878,10.318888888888978,1.0
fixed_delayed,10,1.0,10.531666666666656,10.531666666667661,0.95
fixed_delayed,25,0.25,7.150000000000009,7.150000000000546,1.0
fixed_delayed,25,0.5,12.45666666666665,12.456666666668752,0.9583333333333333
fixed_delayed,25,0.75,32.69222222222217,32.69222222222379,0.9736842105263158
fixed_delayed,25,1.0,31.486111111111086,31.486111111112223,0.98
fixed_delayed,50,0.25,12.45666666666665,12.456666666668752,0.9583333333333333
fixed_delayed,50,0.5,33.5172222222222,33.51722222222179,0.98
fixed_delayed,50,0.75,43.899444444444384,43.89944444444427,0.986842105263158
fixed_delayed,50,1.0,79.44666666666663,79.44666666666308,0.99
immediate,10,0.25,0.0,0.0,1.0
immediate,10,0.5,0.0,0.0,1.0
immediate,10,0.75,0.0,0.0,1.0
immediate,10,1.0,0.0,0.0,1.0
immediate,25,0.25,0.0,0.0,1.0
immediate,25,0.5,0.0,0.0,1.0
immediate,25,0.75,0.0,0.0,1.0
immediate,25,1.0,0.0,0.0,1.0
immediate,50,0.25,0.0,0.0,1.0
immediate,50,0.5,0.0,0.0,1.0
immediate,50,0.75,0.0,0.0,1.0
immediate,50,1.0,0.0,0.0,1.0
optimised_actual,10,0.25,50.15666657588871,50.156666575891904,1.0
optimised_actual,10,0.5,100.9533326420923,100.95333264209057,1.0
optimised_actual,10,0.75,216.50166131726007,216.501661317262,1.0
optimised_actual,10,1.0,283.71722040253815,283.71722040253917,1.0
optimised_actual,25,0.25,129.61828481674107,129.61828481674092,1.0
optimised_actual,25,0.5,367.39853574336263,367.39853574336394,1.0
optimised_actual,25,0.75,535.8817287231616,535.8817287231632,1.0
optimised_actual,25,1.0,599.5473070457753,599.5473070457765,1.0
optimised_actual,50,0.25,367.3985349829577,367.39853498295906,1.0
optimised_actual,50,0.5,664.5138996061778,664.5138996061769,1.0
optimised_actual,50,0.75,923.6495299668989,923.6495299668986,1.0
optimised_actual,50,1.0,1137.932925029624,1137.9329250296214,1.0
rolling_actual,10,0.25,-3.552713678800501e-15,0.0,1.0
rolling_actual,10,0.5,7.149999998850774,7.149999998850944,1.0
rolling_actual,10,0.75,10.318888887739654,10.318888887741196,1.0
