scenario_id,keele_date,scenario_site,fleet_size,participation_rate,participant_count,site_limit_kw,strategy,forecast_source,required_energy_kwh,delivered_energy_kwh,unserved_energy_kwh,service_rate,renewable_absorbed_kwh,residual_surplus_kwh,ev_grid_energy_kwh,peak_ev_kw,peak_total_load_kw,solver_status,objective_value,solver_used,reported_unserved_variable_kwh
20230707_pooled_F10_P025_S42,2023-07-07,pooled,10,0.25,2,50.0,optimised_actual,actual,14.725000000000001,39.049999961420376,0.0,1.0,39.04999996142037,12237.69381650383,0.0,13.19999998711643,2067.306999987094,optimal,12237.824496503863,CLARABEL,3.979479420863144e-14
20230707_pooled_F10_P025_S43,2023-07-07,pooled,10,0.25,2,50.0,optimised_actual,actual,16.762999999999998,96.24999985702372,0.0,1.0,96.24999985702371,12617.565756004713,0.0,13.199999981426728,2068.753999990127,optimal,12617.739996023698,CLARABEL,3.969976528848661e-13
20230707_pooled_F10_P050_S42,2023-07-07,pooled,10,0.5,5,50.0,optimised_actual,actual,64.482,138.59999996684877,0.0,1.0,101.74999996685008,12612.065755894888,36.84999999999869,19.799999993032504,2073.9069999930293,optimal,14776.620675916443,CLARABEL,0.1980000000017086
20230707_pooled_F10_P050_S43,2023-07-07,pooled,10,0.5,5,50.0,optimised_actual,actual,39.416999999999994,164.22999865481546,0.0,1.0,153.44999865066785,12560.365757211071,10.780000004147617,26.399999781042144,2075.353999882399,optimal,12614.657800648663,CLARABEL,2.432068685524446e-12
20230707_pooled_F10_P075_S42,2023-07-07,pooled,10,0.75,8,50.0,optimised_actual,actual,96.707,288.19999931315584,0.0,1.0,251.34999931316727,12462.465756548569,36.849999999988576,39.599999898946635,2093.7069998611228,optimal,14627.543396736275,CLARABEL,0.19800000001371243
20230707_pooled_F10_P075_S43,2023-07-07,pooled,10,0.75,8,50.0,optimised_actual,actual,55.873999999999995,293.47999000455684,0.0,1.0,282.6999899880196,12431.115765873717,10.780000016537201,46.199998387900564,2093.706998611891,optimal,12486.279010930393,CLARABEL,1.5591491805048138e-11
20230707_pooled_F10_P100_S42,2023-07-07,pooled,10,1.0,10,50.0,optimised_actual,actual,106.681,374.83333250162895,0.0,1.0,337.98333250164126,12375.832423360096,36.849999999987695,49.99999997875054,2104.106999978527,optimal,14541.026063627898,CLARABEL,0.19800000001495335
20230707_pooled_F10_P100_S43,2023-07-07,pooled,10,1.0,10,50.0,optimised_actual,actual,57.448,353.29666386330354,0.0,1.0,342.51666385899057,12371.299092002746,10.78000000431302,49.999999941348115,2100.3069995918136,optimal,12427.123413461817,CLARABEL,4.363427427669788e-12
20230707_pooled_F25_P025_S42,2023-07-07,pooled,25,0.25,6,100.0,optimised_actual,actual,82.078,191.39999954176994,0.0,1.0,154.54999954178243,12559.265756319954,36.84999999998755,26.399999922869384,2080.506999919231,optimal,14724.08203649774,CLARABEL,0.19800000001467077
20230707_pooled_F25_P025_S43,2023-07-07,pooled,25,0.25,6,100.0,optimised_actual,actual,49.42399999999999,199.42990366230134,0.0,1.0,188.64990342503305,12525.165852436703,10.78000023726829,32.99998341200394,2080.5069864143607,optimal,12579.632152740447,CLARABEL,1.7656646148512766e-10
20230707_pooled_F25_P050_S42,2023-07-07,pooled,25,0.5,12,100.0,optimised_actual,actual,123.061,474.6499982263709,0.0,1.0,437.79999822638695,12276.015757635349,36.84999999998395,65.99999974555274,2120.106999640125,optimal,14441.703238013575,CLARABEL,0.1980000000203689
20230707_pooled_F25_P050_S43,2023-07-07,pooled,25,0.5,12,100.0,optimised_actual,actual,90.458,471.8704065974685,0.0,1.0,461.09040659367156,12252.725349268065,10.780000003796951,65.9999994936066,2113.506999544248,optimal,12309.988837584475,CLARABEL,4.103674587260426e-12
20230707_pooled_F25_P075_S42,2023-07-07,pooled,25,0.75,19,100.0,optimised_actual,actual,193.329,655.3159480197994,0.0,1.0,607.9403939667721,12105.875361894965,47.37555405302733,85.79999787732446,2134.7539982039357,optimal,14325.743392147075,CLARABEL,0.19800000013639757
20230707_pooled_F25_P075_S43,2023-07-07,pooled,25,0.75,19,100.0,optimised_actual,actual,192.90199999999996,770.8286191933796,0.0,1.0,754.8763968128844,11958.93935904885,15.95222238049513,98.999988770719,2142.5349866740935,optimal,12043.71040878859,CLARABEL,1.1581288659001287e-10
20230707_pooled_F25_P100_S42,2023-07-07,pooled,25,1.0,25,100.0,optimised_actual,actual,223.24900000000002,744.6214437785944,0.0,1.0,695.9403335710209,12017.875422290716,48.68111020757351,98.99999001078578,2146.5069889689744,optimal,14244.774482717921,CLARABEL,0.19800000059975295
20230707_pooled_F25_P100_S43,2023-07-07,pooled,25,1.0,25,100.0,optimised_actual,actual,221.69899999999998,872.4453916474555,0.0,1.0,856.4931694094184,11857.322586452316,15.952222238037109,99.99999992449277,2162.1539998869657,optimal,11943.923794579174,CLARABEL,1.4849289595590577e-11
20230707_pooled_F50_P025_S42,2023-07-07,pooled,50,0.25,12,200.0,optimised_actual,actual,123.061,474.6499977740473,0.0,1.0,437.79999777406726,12276.01575808767,36.849999999979886,65.99999967704979,2120.106999550564,optimal,14441.703238579057,CLARABEL,0.19800000002521692
20230707_pooled_F50_P025_S43,2023-07-07,pooled,50,0.25,12,200.0,optimised_actual,actual,90.458,471.87040553007745,0.0,1.0,461.0904055251815,12252.725350336554,10.78000000489595,65.99999934681207,2113.5069994121227,optimal,12309.988838883553,CLARABEL,4.777254761498611e-12
20230707_pooled_F50_P050_S42,2023-07-07,pooled,50,0.5,25,200.0,optimised_actual,actual,223.24900000000002,744.621430668657,0.0,1.0,695.9403205536112,12017.875435308126,48.68111011504597,98.99998839292344,2146.506987132452,optimal,14244.77449714523,CLARABEL,0.19800000070201743
20230707_pooled_F50_P050_S43,2023-07-07,pooled,50,0.5,25,200.0,optimised_actual,actual,221.69899999999998,1002.3785899320447,0.0,1.0,986.4263675476332,11727.389388314103,15.95222238441163,131.99998486601555,2168.9349829467396,optimal,11814.683557978879,CLARABEL,1.539356315630414e-10
20230707_pooled_F50_P075_S42,2023-07-07,pooled,50,0.75,38,200.0,optimised_actual,actual,391.22999999999996,1149.8304263442071,0.0,1.0,1050.5875101875702,11663.228245674167,99.24291615663691,138.59998482331017,2187.504984823282,optimal,16127.569533790149,CLARABEL,0.39600000115795464
20230707_pooled_F50_P075_S43,2023-07-07,pooled,50,0.75,38,200.0,optimised_actual,actual,379.10200000000003,1451.3486271058812,0.0,1.0,1411.20751558111,11302.608240280628,40.14111152477089,191.39996452472738,2221.734960946566,optimal,12507.158882365517,CLARABEL,0.09900000132091352
20230707_pooled_F50_P100_S42,2023-07-07,pooled,50,1.0,50,200.0,optimised_actual,actual,605.239,1647.961582631933,0.0,1.0,1527.5708848739198,11186.244870987817,120.39069775801318,199.99999974506298,2248.904999744931,optimal,19692.3212948686,CLARABEL,0.789000000579293
20230707_pooled_F50_P100_S43,2023-07-07,pooled,50,1.0,50,200.0,optimised_actual,actual,547.559,1727.8187090396666,0.0,1.0,1686.3575976868772,11027.458158174859,41.461111352789544,199.99999929237276,2262.153998577485,optimal,16205.189591911598,CLARABEL,0.4950000009674476
