feature,mean_abs_shap,explanation_backend
surplus_kw_lag_1,52.63047,xgboost.pred_contribs
ghi,25.797388,xgboost.pred_contribs
surplus_kw_rolling_1h,17.766844,xgboost.pred_contribs
gti,13.017231,xgboost.pred_contribs
solar_kw_lag_1,8.989111,xgboost.pred_contribs
solar_kw_rolling_1h,7.214214,xgboost.pred_contribs
cloud_opacity,2.9402893,xgboost.pred_contribs
surplus_kw_rolling_3h,2.760853,xgboost.pred_contribs
consumption_kw_rolling_1h,2.5982866,xgboost.pred_contribs
consumption_kw_lag_1,2.538058,xgboost.pred_contribs
solar_kw_rolling_3h,2.3314533,xgboost.pred_contribs
consumption_kw_rolling_3h,2.1541007,xgboost.pred_contribs
solar_kw_lag_2016,2.0853012,xgboost.pred_contribs
wind_kw_lag_1,2.0566852,xgboost.pred_contribs
dayofyear_sin,1.7313242,xgboost.pred_contribs
solar_kw_lag_288,1.7053375,xgboost.pred_contribs
wind_kw_lag_12,1.7047505,xgboost.pred_contribs
wind_speed_100m,1.6929393,xgboost.pred_contribs
solar_kw_lag_12,1.6313735,xgboost.pred_contribs
consumption_kw_rolling_1d,1.5799046,xgboost.pred_contribs
consumption_kw_lag_2016,1.5013831,xgboost.pred_contribs
day_of_week,1.4916152,xgboost.pred_contribs
consumption_kw_lag_288,1.4676063,xgboost.pred_contribs
consumption_kw_lag_12,1.4131786,xgboost.pred_contribs
surface_pressure,1.312362,xgboost.pred_contribs
solar_kw_rolling_1d,1.2789794,xgboost.pred_contribs
surplus_kw_rolling_1d,1.2565755,xgboost.pred_contribs
hour_sin,1.2343075,xgboost.pred_contribs
air_temp,1.1362772,xgboost.pred_contribs
clearsky_gti,0.9395821,xgboost.pred_contribs
surplus_kw_lag_12,0.8187253,xgboost.pred_contribs
dayofyear_cos,0.7493977,xgboost.pred_contribs
hour_cos,0.6990252,xgboost.pred_contribs
surplus_kw_lag_2016,0.62331957,xgboost.pred_contribs
wind_kw_rolling_1h,0.55330056,xgboost.pred_contribs
wind_kw_rolling_3h,0.5386834,xgboost.pred_contribs
wind_kw_lag_288,0.53147656,xgboost.pred_contribs
wind_kw_lag_2016,0.52411,xgboost.pred_contribs
surplus_kw_lag_288,0.3914248,xgboost.pred_contribs
wind_kw_rolling_1d,0.36079976,xgboost.pred_contribs
is_weekend,0.16159566,xgboost.pred_contribs
snow_depth,0.014518236,xgboost.pred_contribs
